1.25040935145,9.48756153375,98.5392908169,0.0
2.89015017486,7.14499643024,99.441970024,1.0
0.346893053111,10.8722205493,99.4756943045,1.0
1.83488893053,11.2352847408,100.235755978,0.0
1.58625491402,8.02381119148,99.5858928705,1.0
1.61170678392,9.47333274931,99.745491315,1.0
0.40756701987,8.49715337553,98.3066878654,0.0
-0.295248258086,6.02541636363,102.236747851,0.0
-0.28335299158,7.16336498713,97.7972772774,1.0
1.14112798635,9.94415664031,99.1978977391,1.0
1.02527366081,9.14456966281,101.163103188,0.0
0.280460517479,8.86619273467,98.1897792512,1.0
0.80608775115,9.55261336557,98.8663258501,1.0
-0.0773555503736,9.81229990538,100.036591334,1.0
1.49549383961,10.0693725936,102.587811732,0.0
0.862085568222,9.06316167091,100.038067278,0.0
-0.259350965507,9.40683527519,97.5010773276,0.0
-0.0320560679714,9.10824474821,99.4610585447,1.0
-0.983956623233,10.7461343303,99.9740710901,0.0
-0.108193732495,9.82799783916,96.8029559916,0.0
1.27401985334,10.6815009646,102.409341328,0.0
1.5393800584,11.2490036649,98.9575034262,0.0
1.81514296189,10.4639119048,100.862025954,1.0
1.85081881529,11.9826157004,99.3517157698,0.0
1.68191481958,9.67072523362,98.9532568456,0.0
1.92518942116,10.4139847357,99.7444466583,1.0
1.04462442704,9.9611686973,99.8704497714,0.0
2.9834419795,11.358016847,101.518914887,1.0
0.046787857143,9.06981330974,93.7551201304,0.0
0.808218122632,8.97977654372,102.889212965,0.0
0.645977484383,9.09822532139,99.1221009223,1.0
0.636396719717,10.1397477139,100.00438429,1.0
3.28956594115,10.0661811471,100.965718972,1.0
-0.133253012237,9.22527654796,98.3619107726,1.0
1.20342766651,10.9205526827,101.892214196,0.0
0.892334224625,10.0305963282,100.931955798,0.0
1.60620240752,8.69917066496,98.4263490034,1.0
1.69009410885,9.85137056218,99.1086009274,1.0
1.60308017602,9.53491391116,99.5262876904,1.0
1.12979823008,9.0064976333,100.561270509,0.0
0.803729201981,11.5445586928,97.6669141187,0.0
0.068838643118,9.13064604133,100.012387654,1.0
1.7996229917,8.60798338678,98.5306638695,1.0
0.709021784716,8.0177752321,98.644019006,1.0
-0.0111969589862,7.095647039,100.21703047,0.0
0.692604954662,8.20098252968,99.7727143186,1.0
-0.542505599093,10.6497450927,97.2780352553,0.0
0.864791554568,9.73497432164,97.971216003,0.0
0.465541088698,10.3422280119,95.8589773275,0.0
-0.85215181003,7.91844603644,98.6630461862,1.0
2.0484318802,9.09062103935,98.8716274838,1.0
1.49674548264,6.83475395279,98.4647034419,1.0
-0.105782918488,8.86799854258,97.8044737386,1.0
1.62347818852,10.0123337171,98.734556879,1.0
0.607890992728,9.22631394677,98.3862863526,0.0
0.876343086021,9.14158155703,99.8715312016,0.0
0.815701386195,9.9917625109,99.2094662388,1.0
2.04169176718,10.3149971461,100.967544011,1.0
2.62198141395,11.225983685,102.693552898,0.0
2.51452345202,8.70239365968,104.364556461,0.0
1.46595605323,11.686755708,98.726338474,0.0
2.14568645209,9.63095622495,99.280973152,1.0
-0.105860512191,9.36935246833,100.53775064,0.0
2.23612245595,9.11086708027,98.7079162088,1.0
-1.3545464118,8.73886255469,97.2327799695,0.0
0.0944165757403,9.20057533386,100.944274443,0.0
3.08534310399,11.5325740267,105.467340908,0.0
-0.0178631824663,7.98642866406,98.3472532332,1.0
1.48984152271,10.5959686781,97.7961319973,1.0
0.859005874215,8.36279205018,100.728797084,1.0
2.7673311251,8.22416949122,99.2023805396,1.0
0.549568945419,9.31883778604,99.843038589,0.0
1.01639538319,9.51783002994,96.8277607176,0.0
2.1367329593,10.1559349923,100.034448634,0.0
-0.85410573431,8.07448370807,99.1972031984,1.0
1.12028293812,9.19256218064,99.6320265314,1.0
2.00828426199,10.3370277268,100.127310292,0.0
1.52235754454,7.80664255081,97.1581984222,1.0
0.928129929567,9.66909319307,104.102750081,0.0
1.51414421591,9.53937707487,104.317726259,0.0
0.802790029328,7.97619498617,100.326146722,0.0
0.297753858444,8.00392403433,98.4817055307,1.0
0.865594051955,9.68917885606,100.128165808,1.0
0.0241993210273,7.8584343679,98.5066139452,1.0
0.308258206585,7.15138424178,97.7117516935,1.0
1.28313811209,12.1168908851,96.9412252653,0.0
0.680671475854,9.91080940706,98.6363916705,0.0
0.852726477717,10.5411892202,99.0025972298,1.0
2.01355234581,10.1719341323,99.3580301049,1.0
1.19938567523,6.8592657504,97.3706641165,1.0
-0.0557079038438,10.0424579265,96.6571058721,0.0
1.30976648407,10.8100613866,98.9022424803,1.0
1.31454181839,9.10584004312,100.552490607,1.0
-0.100394305994,6.97684737144,96.5634147095,1.0
1.52895633225,9.75680561776,100.19020936,0.0
-0.0344767579672,9.55254243313,99.7262322532,1.0
1.86951747423,9.08002222258,101.053766613,0.0
2.53035201197,9.00950540912,99.0430686255,1.0
1.59561615591,8.54722684604,100.133910497,0.0
1.75738488781,11.6604328204,100.311475847,1.0
1.89032628652,8.94628041421,99.9852382361,1.0
0.456083993969,8.92432720431,99.021763213,1.0
0.0428904784054,9.56228263695,100.458675358,0.0
1.43247938964,10.6238147491,100.390852627,0.0
1.0565779278,9.9722131951,100.330431297,0.0
0.306378262851,8.8658606005,97.5714996321,1.0
0.589253866124,9.63549084599,99.5657293504,1.0
1.00452696983,11.5513661613,99.642469493,0.0
-0.0317152520314,9.02045329543,98.8562694086,0.0
2.50101917359,8.55438485264,98.5719652404,1.0
0.0304751404687,11.4845135906,98.5222849122,0.0
1.59649151293,10.2730915531,102.567749301,0.0
1.71970185927,9.51567634658,102.340038077,0.0
1.79453958266,9.19099644518,101.474524806,0.0
0.57693626203,7.12137328868,99.3448291578,1.0
1.2092574596,9.37536866475,98.8430433808,0.0
0.380419127522,8.10454108038,98.2438264297,1.0
0.855612122536,9.49695040928,99.5774020202,0.0
1.38040551775,10.3597410446,98.2440787377,0.0
0.738628138813,11.8801115768,99.22942868,0.0
2.40075000029,6.52372038462,99.4132748352,1.0
0.608714039593,11.8586515533,99.2094217856,0.0
-0.3511730294,8.43630941636,97.2976801011,0.0
0.768382196134,10.0615145362,100.46257405,1.0
-0.703877913655,8.49372274996,98.6340691221,1.0
1.79101765937,11.0396569251,100.605743739,0.0
1.91356537898,10.9835767709,101.766342044,0.0
0.499050315012,8.79775691293,98.0025948691,0.0
0.794251781096,7.16068077628,98.9893785193,1.0
2.21898834817,8.53355834193,98.8237222491,1.0
2.25764124287,9.06281611263,99.6487599919,1.0
0.664658926007,9.15304974536,101.573873113,0.0
-0.285204770675,7.93784951568,98.2747578864,1.0
0.668883989561,8.87271022443,98.8336158639,0.0
1.7223796204,9.7140726364,99.0412804168,1.0
-1.77826074205,9.58575149115,99.1469895161,1.0
0.493392807565,9.4207972853,100.972239743,0.0
1.59339464143,9.76171895649,99.9280049478,1.0
1.74107133578,8.38821763622,98.8443311952,1.0
1.4399684173,9.95443387376,99.300491253,0.0
-0.617853783516,8.42679923353,98.0230036644,1.0
1.90456997849,9.15602486588,101.555458142,0.0
0.986758638155,8.12719202787,101.095338311,0.0
1.18092894987,9.58645307774,99.5416006977,1.0
1.42056224204,9.14934864445,102.073212467,0.0
0.921397235621,9.2840203125,99.1099574774,1.0
0.726085841221,10.3702052571,100.357081203,0.0
1.02217295948,7.85175653338,98.7235162401,1.0
0.523929864761,8.49413856884,103.869693591,0.0
1.19928183206,11.9143569796,101.723662536,0.0
1.87718250322,11.9169931026,96.2580523771,0.0
0.401057921593,8.64931492429,97.3089687288,1.0
3.68301091162,10.2626423515,104.553162243,0.0
0.101938872968,8.29426536568,97.9836286697,1.0
0.584981603982,7.82743550147,98.035232411,1.0
0.69275883912,9.65245553374,98.7417200895,1.0
1.66397565024,11.3304724549,97.5579471308,0.0
0.683834621216,9.66249791575,98.348562578,1.0
-0.038315504142,7.36387454349,98.8861825995,1.0
1.61457078828,9.07478539535,102.236433174,0.0
1.291900048,9.09033547027,100.296677547,0.0
0.569223802226,11.1994316995,101.107502599,0.0
0.0758645503382,9.42872214734,99.5791565881,1.0
0.284059359207,8.20013947407,102.902808031,0.0
1.58418671326,10.389455829,104.480397243,0.0
0.453821946367,8.8959132114,99.1575526432,0.0
0.375359181457,10.4627861845,98.5503580541,0.0
-1.00889191397,9.88235333474,102.478269619,0.0
-0.567134437406,10.1258341761,93.9984255956,0.0
0.487285438559,12.161982108,96.2749861476,0.0
0.178401170842,9.47859829075,98.5258734226,1.0
1.3467681123,9.82180747062,100.141995553,0.0
0.849878974204,10.7776603926,98.9084092106,1.0
2.67838292018,10.4192261896,98.8030157811,1.0
2.22004348255,11.9749510696,98.9251211307,1.0
1.19759415376,9.56920417059,101.484322029,0.0
3.09449133353,10.0620258737,103.782047705,0.0
-0.215348017817,9.52757631907,101.186973072,0.0
0.148818904935,6.82286248603,98.7006772024,1.0
2.37422321237,9.19379504597,98.2925585548,1.0
-0.455842767445,9.47221029926,101.020563994,0.0
-0.128564421121,9.26761833172,98.0414944575,1.0
2.51829642669,10.6125386355,99.5778135604,0.0
0.27723632779,8.42205490856,99.1483330799,1.0
0.665537140839,9.65708028601,99.792267145,0.0
1.05347435884,8.56767528429,98.3042027949,1.0
1.01387240859,8.58861656255,101.053535452,0.0
1.36398352509,9.80574070561,100.010048958,0.0
0.283842772214,10.2890099736,98.5571191503,0.0
1.12706220762,8.70209702138,99.394570523,1.0
-0.120928379421,8.81850954677,98.23404039,1.0
1.65070414082,7.54605381286,99.3658365607,1.0
0.684697453637,10.0308536201,100.280042572,0.0
2.99589236634,8.25697494654,100.452743642,1.0
2.39103922054,11.1858359765,102.734144268,0.0
1.19222080346,7.93974292819,97.214186512,0.0
3.02918296649,13.095268215,102.990069918,0.0
0.930961008882,7.85991366367,97.9953448982,1.0
0.667029639317,9.170759617,98.8303667567,1.0
0.0845350145018,9.25351633216,99.273380639,1.0
2.38108603418,11.5438708767,97.0425864455,0.0
-0.0662841641314,10.6337163715,101.916129219,0.0
0.803442376674,8.36202238418,100.089536116,0.0
-0.532318317406,7.76848081602,97.8264048263,1.0
0.445937776969,10.2712416852,99.8490565551,0.0
0.46695534223,8.72083737419,97.8939927873,1.0
0.654667897432,9.54220519167,98.1344990441,0.0
0.534342575679,9.47790764803,99.5828424254,0.0
-1.05474629212,8.86574616678,99.0308851943,0.0
0.660579751816,8.17400983633,98.7689059057,1.0
1.00394545083,8.60043269653,95.3847650586,0.0
1.04300422679,7.09261343213,99.3258216603,1.0
0.740190633605,9.90659364531,99.6656445438,1.0
0.629568943084,8.85739199637,97.7750498543,1.0
-1.88860016773,8.14928415247,98.1893849874,1.0
2.31647913758,10.8146022409,103.452676992,0.0
1.09183831897,10.7940089154,101.5415307,0.0
0.711825899427,8.80220505418,100.441785129,0.0
0.839641563875,7.87718325604,97.4263209756,1.0
0.169487925994,10.3786063598,98.837790665,0.0
1.03620052141,9.84505184078,102.123290778,0.0
1.28898999085,7.56696720106,98.229901753,1.0
2.52099575532,8.70095019437,98.7189815171,1.0
2.75019817738,11.7849634824,102.694633868,0.0
1.49563828439,9.71641253908,99.6058799075,1.0
0.0568793583082,7.72593574634,99.8661220549,1.0
-0.871073797412,9.05605817029,98.3758626261,0.0
1.03365798427,7.70106437327,98.7179163408,1.0
3.27679858888,11.8717142612,99.5825372388,1.0
1.55183774172,9.93376300557,104.421414745,0.0
-0.604529003236,9.26003047907,98.7667434384,0.0
-1.25806242874,7.99939106484,98.1628262053,1.0
1.74916852007,8.80916270415,100.111329884,1.0
-0.201803923264,8.76778747068,95.9986691606,0.0
0.197829877264,10.1115435268,100.815973238,0.0
2.03140284939,9.44193625316,99.5348276283,1.0
0.874975560669,10.1986339015,99.2041305986,1.0
2.48248322963,13.2327700549,101.569933793,0.0
2.31310272808,7.28524009976,99.3751017299,1.0
1.6245203944,9.56303451622,103.307905756,0.0
-1.38527426006,8.09978133689,96.7416203954,1.0
2.06288071639,10.1487077028,98.4720900794,1.0
1.69701868087,9.17652210162,99.5081764991,1.0
0.869474089886,9.9993049309,98.9838477833,0.0
1.16603174897,8.55233839026,100.799980344,0.0
1.53952372191,9.66508679034,99.146122105,0.0
0.172873886753,8.69665218588,99.9361979111,1.0
0.795456348352,9.68927134915,101.191675001,0.0
1.25927577647,9.2071877194,98.9179023532,0.0
0.679044657986,7.3799266586,98.0726225496,1.0
2.03858013931,10.271771421,98.6374896579,1.0
0.137777867753,9.12582965943,99.0427891397,1.0
0.890797158886,7.89979622962,98.5736464324,1.0
-0.207224347007,8.65571834505,98.0544476119,1.0
-0.246718730616,10.1558038046,99.6967211414,1.0
0.368561433377,9.72455705847,97.9747703793,0.0
1.28903054252,9.6336138424,99.2137262488,1.0
0.498820034633,9.07946122205,103.373790618,0.0
2.09098480635,9.00111345529,98.8738806651,1.0
-0.664668156928,9.37874169104,96.3505802757,0.0
-0.0490291571784,7.41829688031,97.3200521421,1.0
-1.58398596623,7.76780721265,98.5433391587,0.0
0.394415972382,9.56937160623,102.788613454,0.0
-0.014722810831,11.3935477023,97.4092323686,0.0
2.38879360138,10.3396650942,100.623672934,1.0
1.02029360628,10.1009433758,101.665213577,0.0
0.371886672899,9.24772874811,98.7836464245,1.0
0.279692953658,9.14832069596,97.5114977172,0.0
0.394482552145,9.13299415036,96.8044521463,1.0
0.183076992452,9.35792925227,103.314294885,0.0
0.820544987902,10.1525279731,98.5670147866,0.0
1.44201212339,10.924367535,100.681501308,0.0
-0.155296244632,8.42530682973,98.208809768,0.0
1.59575070627,9.28143917838,100.371079909,1.0
1.10394363442,8.92078950796,99.977306303,1.0
-0.510600997296,9.62287450843,99.5327118253,1.0
-0.843594735295,10.5219016521,99.3254174387,0.0
-0.407886603633,7.20376435689,98.3583976224,1.0
0.737490906391,6.49529090975,98.4811291782,1.0
2.55209869819,10.2001914026,102.266323735,0.0
-0.212285345296,8.55904163811,98.2132495904,1.0
1.81747891206,9.35390578426,98.6672118902,1.0
1.20319355533,10.8689003165,98.9955309165,0.0
0.624343105633,12.4579621342,98.3760079933,0.0
-0.903815271041,7.96978966719,95.8054724228,0.0
0.443342919465,8.72591436874,98.7080057476,0.0
1.57004881572,12.0430483135,98.5855444746,0.0
2.70174564457,9.99055813226,100.350933099,1.0
0.268513760735,9.06712183453,99.0553150435,0.0
1.12103941079,9.74426175714,100.030460313,1.0
0.209664332165,8.36765299027,99.932497464,1.0
0.393032726007,10.0744771813,99.0326891658,1.0
0.858857802079,8.40621170243,97.9287367716,1.0
2.00062866556,9.30264985541,99.8407616312,0.0
0.0828729622975,9.54309257482,101.976913612,0.0
2.0646113866,10.6335320022,100.074206112,0.0
1.53578612212,8.82057337979,99.2104548195,1.0
0.948704546099,9.80077654185,98.6856842911,0.0
0.105300376892,10.563216897,99.0380139104,1.0
0.870659705376,9.57365936435,103.350542488,0.0
1.55663407099,9.4193651567,98.5881474821,1.0
0.752909773282,10.5768900181,98.1417561961,0.0
-0.269172747604,7.68807015967,98.0695033566,0.0
1.4612671361,8.51746041013,99.6146593204,1.0
0.886355049644,6.9648549703,98.1729436767,1.0
0.855073012035,7.47630758372,98.0077391606,1.0
1.53604694042,11.6133518787,100.191351029,1.0
1.82620223735,9.5711714757,98.2349785862,0.0
2.21625414763,8.7802125359,100.200951268,1.0
1.6638404073,8.87565696826,101.567749706,0.0
1.96671265518,10.1003753437,100.804078288,1.0
1.52271621805,9.07041425246,100.413245586,0.0
1.40280170259,8.91380548555,98.8573410455,1.0
-0.609010843046,9.49587209884,99.5564710993,1.0
1.91211715616,10.2913842774,100.613539994,1.0
1.23100115942,10.193930127,99.1056846272,1.0
-2.25996368434,7.3911497316,98.6867746433,1.0
0.815809671472,9.28240744957,101.064306933,0.0
2.04859919583,9.761667912,99.948375403,1.0
0.251358610654,10.9207828821,100.38664591,0.0
0.934012137917,9.24336436387,99.2623478939,1.0
2.01290504517,10.0143307537,104.178554462,0.0
1.63676566569,7.14284515921,99.2789674864,1.0
2.64519696161,9.85363837505,100.479166696,0.0
2.28361846892,10.7335483353,98.0640365526,1.0
0.0135789044124,10.7605223101,98.390658031,0.0
-1.57635236134,10.1057018502,98.1022239533,1.0
0.590477428771,10.9771438224,98.6108782609,0.0
0.798983997029,9.69952698771,99.2312342891,1.0
1.09816913197,7.05918015809,99.3642604925,1.0
1.49604789023,8.67374547321,98.3500783007,1.0
1.55314744353,11.3559698379,98.7823671144,0.0
-1.1277326721,8.43582221491,99.1770659177,1.0
-0.0631882139399,9.44468815202,98.6598027222,1.0
0.813684748506,10.3008147564,98.2426742922,0.0
1.03212236518,9.84211622374,102.204880021,0.0
0.189197172741,9.00944719793,99.7084830053,1.0
-0.545935352852,9.18243626176,98.3973678083,1.0
1.53172584879,11.1899408762,102.579969473,0.0
1.90293990272,11.6591338398,101.771306394,0.0
1.82737457452,10.5380427324,99.6062631454,1.0
0.800198087164,9.17472053899,99.3210616203,1.0
-0.583689709637,9.46558253193,99.1890902831,1.0
0.89844224812,11.2953612632,99.3547918487,1.0
2.33798139265,10.6433902337,99.4622892879,1.0
1.88359669693,8.99404198553,99.9311884149,0.0
2.70469502431,8.20478320479,99.0400127646,1.0
2.51279442863,12.2548233442,99.2281979439,0.0
-1.21124915485,10.0956471494,99.1107075835,1.0
0.458746907394,9.31928415319,99.9027646981,1.0
-0.609828692787,7.20194231803,97.9389046855,1.0
0.864654358666,9.25426195386,98.5191943204,0.0
1.08251083287,11.2812299615,99.1423706756,0.0
0.202471671339,8.54905000609,97.8550483883,0.0
1.59411869434,11.2432163845,100.837123209,0.0
1.38465375705,10.1604591769,100.547214201,1.0
1.53481827151,10.4830562284,99.6207836794,0.0
0.44192087121,11.0286816734,98.0798623698,0.0
1.66532871863,9.53400684104,99.2154515029,1.0
1.66658823604,11.817826468,102.122607246,0.0
-0.166815209555,9.39270105149,99.0493527966,1.0
2.78055713488,8.80282804,99.3607543833,1.0
0.968773026405,9.49603103409,99.753909052,1.0
1.73971274196,11.4290520155,100.455342263,0.0
-2.13461064167,7.36478340627,99.0208077331,1.0
0.369210730696,8.3213066532,98.6362521152,1.0
1.60153661102,12.2617582492,105.202111242,0.0
0.914993740632,9.31243488404,99.2376212395,1.0
1.42851097011,8.74999314669,99.7554884782,1.0
0.516976404545,6.7862303525,99.2566334839,1.0
2.2976455604,7.78904642759,98.6534346519,1.0
2.13371902493,8.62252021443,98.569239311,1.0
0.0828965797558,10.9574349498,98.4900292821,0.0
0.481434051945,8.69229511466,98.3879275079,1.0
1.96502894842,10.5562355419,104.144954117,0.0
1.36056648964,10.3047986179,97.1083339601,0.0
0.685903046804,8.74700739568,101.72439133,0.0
1.28234040448,10.5011671114,99.6989169262,1.0
0.683539494725,9.99332748954,101.808052573,0.0
0.377739219199,9.38512447955,98.9339345754,1.0
2.17363944897,9.2986043067,100.119019411,0.0
0.473388260108,8.63271009103,99.1172751076,1.0
2.58849640318,12.9437661849,97.7070158246,0.0
0.877196499335,9.59373524934,100.236039298,1.0
-0.202666911267,8.54141869981,97.6379953025,1.0
0.81100024412,8.90461321619,100.006482971,0.0
2.62776928953,12.2079748379,100.846679247,0.0
1.61476489226,9.6669065666,97.9603920204,1.0
1.70111683121,7.84598724832,98.5998409846,1.0
2.01340514048,8.94506190563,97.3154235817,1.0
0.81929097316,10.0138691095,99.7662276585,0.0
0.418999399375,9.75526266934,99.6550572885,0.0
0.205245466073,11.1218908942,98.9300882067,0.0
0.189066999669,9.85390504027,100.609141242,0.0
0.972807601834,10.1360449229,99.9459950771,1.0
0.73283769783,10.5777741707,98.4385025214,0.0
2.62846250653,9.67783363902,98.5982057206,1.0
1.05223016134,10.9826337615,99.2636909645,1.0
2.44508543769,11.1317278868,101.635861671,0.0
2.18265993905,9.14288343064,99.4112365363,1.0
1.30921339414,10.9713557869,97.649362861,0.0
0.117406021415,8.11169842173,99.7270728076,1.0
3.02481624331,10.9217729649,99.7241700102,1.0
1.3428096391,9.76348923447,98.8844923419,1.0
0.973939264106,9.40734119242,98.4890728179,1.0
2.29143835395,10.21000724,99.0541586233,0.0
0.353151682764,7.11469900298,97.9624286282,1.0
0.535994250303,7.68401640307,98.0824513177,1.0
2.29992420066,7.66234198346,98.4098624187,1.0
1.10191610762,10.8999301387,102.67173491,0.0
1.50382653876,10.4136472959,100.098132979,1.0
0.431004988881,7.83895300752,98.0581964112,1.0
2.51502505151,7.73504218221,97.321569228,1.0
-0.361716187694,9.5596363481,99.1401989492,1.0
0.639843301069,8.0234501379,99.0705749449,1.0
0.25538028433,8.43679485295,97.9004376594,1.0
0.343230959545,8.37592879052,97.5398926407,1.0
-1.20123515621,8.77229144577,98.6189995252,0.0
2.37577449513,10.3774494271,102.144846773,0.0
0.327887639128,9.03371116624,98.4520548824,1.0
1.14978046847,9.30893985655,99.1196295724,1.0
-0.0742167265703,6.43844682114,97.2907417099,1.0
0.64879256695,7.66020162464,98.8912139382,1.0
-0.272120394503,7.63521596415,97.8105100954,1.0
0.748177550361,10.3718777227,98.4032037611,0.0
2.57381007031,10.2287266377,100.269917709,1.0
0.716492861662,9.56979679037,97.3185319848,0.0
3.06976351303,10.5040729567,99.7600974699,1.0
2.55172306018,11.0568387172,101.779491051,0.0
2.46430812312,9.32125884149,98.7319454183,1.0
0.158781514184,11.3621381923,96.5545998732,0.0
2.02999222753,8.89077619366,99.8752050817,0.0
-0.302592243868,10.4618794286,101.901474129,0.0
1.36643951089,10.3230678935,99.5072391347,1.0
0.58406243587,9.2096041462,97.6254101639,1.0
-0.0796662676571,7.61373400971,100.27615163,0.0
0.197001609506,9.71774711287,99.0570459513,0.0
2.1798599231,9.29287530195,102.574401973,0.0
-0.267397518501,9.96418345214,97.9755258665,0.0
1.12431411999,9.52442090834,99.3290456986,1.0
2.15845630097,10.1138032912,100.637773527,0.0
2.00440553982,7.86651947609,98.4872479595,1.0
1.8900345872,11.2602238535,101.144845474,0.0
1.34725117627,10.6300124076,96.6901526329,0.0
0.0040836217889,9.43183300544,96.6627336058,0.0
1.92792147506,8.69181373082,98.5107435538,1.0
-0.71485194548,9.42179249015,98.6112349714,1.0
1.47547855944,6.52992685675,99.2575615348,1.0
0.18094420961,7.87773319081,98.2755779728,1.0
2.18988877876,9.45808338838,96.7721239337,0.0
0.0734970208261,9.35025151986,98.3732106919,1.0
1.09462457023,9.14314543849,99.6354407964,1.0
2.48976797603,9.48743275845,103.162846858,0.0
0.280294543421,8.65032932296,100.381440616,0.0
-0.495842079676,10.5458217606,99.782307767,1.0
0.966566835983,9.89108290926,99.6375665793,0.0
0.624253651186,9.38502788364,99.0303153729,1.0
2.12848447431,9.09536967253,99.0538742676,1.0
1.35962344385,11.0965540776,102.061202523,0.0
1.37794488548,10.2480009854,97.9419199029,1.0
1.43508421687,10.4545880505,100.006840633,1.0
3.13206460572,10.0769166798,104.821538414,0.0
2.00360737363,9.68654106741,100.012016998,0.0
0.616607018757,10.228844613,98.1059744725,1.0
1.22066481559,10.7033784441,98.7746196721,1.0
1.85062784896,9.56559839934,100.146251891,1.0
-0.689858432743,8.65559755251,97.9845332319,1.0
1.61335093761,10.8638709302,102.045436335,0.0
3.15511218656,11.1044331555,101.183305931,1.0
0.297000019045,9.53641574152,98.3150448581,0.0
1.56660092382,8.81926296698,98.1151048412,1.0
1.47618627302,9.95613110903,102.434770767,0.0
-1.18107394594,10.0244805751,98.5314244855,1.0
1.37842347593,9.28527018877,102.091007137,0.0
0.348388402997,10.4366719681,96.51291856,0.0
1.97823632087,8.31423800593,99.2775220646,1.0
0.782812151833,10.3089288652,102.854821076,0.0
-1.25682203153,8.54566895905,99.2304222228,0.0
0.831859201378,9.03223412508,99.9181110868,0.0
-0.115562441366,9.04501537838,99.8498300086,1.0
-0.644889685705,7.41180829903,97.5332135639,1.0
-0.724384160586,9.31990160302,98.421897606,1.0
0.847411079146,9.3475046236,98.7153225865,1.0
1.92122334655,8.33445273589,99.5125821636,1.0
-0.17520684595,8.72037307328,103.153849707,0.0
1.78845098575,11.1206527286,99.0024244056,1.0
1.1642269149,9.3124435771,98.1095385479,1.0
1.69988329217,10.5443981208,98.0208067244,0.0
1.21818494378,11.0638699827,100.290137797,0.0
2.69572383266,8.93265015235,102.101546807,0.0
0.350714940642,9.81043702412,98.0372831756,1.0
1.05697684766,10.9009556939,99.6260256312,0.0
1.34650418349,9.36191197149,98.1458541631,1.0
-0.498557457068,9.38524352569,98.7728274559,0.0
0.632955277037,7.85520525378,103.448122969,0.0
-1.00183463864,7.11861405075,97.2061008334,1.0
1.56156029221,10.022783478,100.174791133,0.0
0.0304625768305,10.212682149,99.5533260916,1.0
0.897031694355,10.6405296741,101.142340364,0.0
-0.704135176516,10.6801641708,101.735510596,0.0
2.04958320445,11.6093069656,102.994806712,0.0
-0.0374048467766,9.1049876075,98.8650129206,0.0
0.242590174086,8.87582810018,99.3570859155,1.0
1.00225256037,9.27127956469,98.2998809485,1.0
1.03209563346,10.4571832295,99.4548915777,0.0
-1.47439921524,6.20710969644,99.0366692737,1.0
1.03955638911,7.86881603422,105.384042796,0.0
0.630633909538,6.71737968692,97.1900158255,1.0
2.2073548251,9.85713359629,99.9117104376,0.0
-0.390897973657,9.70188812354,99.4977231275,0.0
-0.650268614813,9.39714971839,100.415008477,0.0
1.85798887631,9.9214140548,102.856429101,0.0
1.11125865012,7.87448794428,98.2308110508,0.0
0.619210693625,7.73086014916,98.5522344699,1.0
1.25189770434,10.1207423988,100.370439437,0.0
1.87466492167,11.3128126798,102.141698576,0.0
1.42977449218,9.90236366449,102.839612033,0.0
0.482329600133,10.0486526413,98.4607404331,1.0
1.56267133607,6.64740077632,98.0539647954,1.0
1.40202690898,11.9879135682,101.985185869,0.0
1.13421118188,8.60003706325,100.719674644,0.0
1.73108072282,8.53699907633,100.5843179,1.0
0.0175723025607,9.06594095981,99.124121146,1.0
0.368542714288,8.72802169989,97.7959525939,1.0
1.50434751844,9.06496226533,101.564522561,0.0
1.67315665035,10.7800099142,98.5424786927,0.0
1.70325810418,9.10181803298,99.8809474749,1.0
-0.26091763678,9.71275529631,101.076834142,0.0
1.7352704926,8.31882675387,98.3051477917,1.0
0.124615693952,6.74981351851,100.147479745,0.0
1.16842535173,9.58636630082,98.9633995926,1.0
1.50565215032,7.35088939995,98.4230702766,1.0
1.18091913397,8.68992688951,99.2497919808,1.0
1.12431448189,9.44321279732,99.3465251527,1.0
1.34922704887,8.65758642607,100.273471841,1.0
3.16697430873,8.5873631227,99.6365698848,1.0
1.41087509747,9.19589145535,100.452369062,1.0
0.222229875117,10.2158167245,98.105933192,0.0
1.72415523814,10.8188947803,98.4012940059,0.0
0.374012266966,8.91110254887,99.0698249161,1.0
0.779356808167,8.77805262707,98.1688293983,1.0
2.18504379064,9.99261240774,98.9036511818,1.0
1.13787728378,8.42199676498,98.533232307,0.0
0.640715652527,10.2075219239,103.216989376,0.0
1.92155636084,9.37818551495,98.5420323426,1.0
1.20720070552,8.41401742554,99.0923320485,1.0
2.42799475824,10.0184749854,100.163903728,1.0
-0.418694873611,11.6982917898,94.4019626536,0.0
0.0959564580916,9.86130747812,97.0356589571,0.0
0.947046890719,8.8756333474,98.8130117182,1.0
0.60487018775,10.226265942,99.6878731629,0.0
2.35025667885,8.19215193244,98.7666774968,1.0
1.87564753628,8.59082774436,98.5579801131,1.0
1.87413607314,8.03253567811,99.7388873194,1.0
1.4439777708,6.18964946179,98.7414086329,1.0
-0.732587243783,10.9021290551,99.373737863,1.0
1.8792639363,11.0190277336,103.370965691,0.0
0.948378431014,8.88479729777,100.442124461,0.0
1.7386451516,10.7416237581,100.432283329,0.0
1.81713066101,8.92420411287,101.099080205,0.0
1.03431197244,9.70260324562,101.641070846,0.0
-0.0621646938102,8.7147467454,98.0991919817,1.0
1.83253280328,11.7848446415,98.2003263496,0.0
-0.425378972675,11.8244003082,99.7694134752,1.0
0.413733452402,8.71004411875,97.8639162169,1.0
1.7339411514,9.52950121422,98.9060439958,1.0
1.60707948964,10.5402841369,100.010385181,1.0
0.05555654215,9.90292119545,99.8358464234,1.0
1.61174939201,10.45587534,104.249757362,0.0
0.688142188455,9.26678829739,101.365868409,0.0
1.02023816404,11.7965645815,101.089394817,0.0
1.73388826489,10.0435535505,99.1399110229,1.0
-0.318876335636,5.72781342992,97.4580348031,1.0
1.63924015028,10.4503375437,105.049233684,0.0
0.657125220254,11.4215839309,101.14095931,0.0
0.386134297821,8.34031279526,96.6198491115,0.0
0.116694093228,9.09515969357,98.8747674063,1.0
1.90702155063,9.66111816766,99.1293796349,1.0
0.327086892694,11.3877278462,98.3804755231,0.0
-0.0827379556315,6.98379368208,97.2050241647,1.0
0.175367719559,11.3715592198,99.9625294906,0.0
-0.667425617819,8.40791984694,99.2255440507,1.0
2.8449916541,10.8300021074,100.910163342,0.0
0.822862301701,8.08018312958,97.9135108573,1.0
0.89473722438,8.98628864821,98.8928425761,1.0
0.0918581970944,10.3486429922,101.166201528,0.0
2.52607181563,11.0980044378,104.4522465,0.0
2.25465153602,11.499718701,102.791037708,0.0
1.81544740065,10.1160980606,103.068269275,0.0
-0.68640864699,8.62169994023,97.8865439507,1.0
1.95673852148,10.8512663635,101.002226984,0.0
1.95720467437,10.5141549551,99.4857855478,0.0
1.58602407291,8.26226190615,99.0789020866,1.0
-0.127085234629,10.166674892,95.7144451342,0.0
0.71561418549,11.6703992786,99.2983248369,0.0
1.29595970001,10.6543619227,99.6758703338,1.0
-0.115696833411,7.85813710977,95.8264862343,0.0
3.48878109911,10.4781557694,100.518341205,1.0
0.405305445315,8.79647722145,98.0819898415,0.0
1.76329682267,7.87849665319,99.18460105,1.0
1.54283973294,8.36709826374,100.690741427,0.0
2.16943429688,10.2121497538,98.0556036969,1.0
1.41681676243,9.09466282703,98.8915998544,1.0
0.405474669708,9.1457887687,102.018741257,0.0
-1.07278266582,9.63742406081,96.7288378899,0.0
-1.4917014872,8.31260090976,95.942623739,0.0
-0.842025069701,9.26119151878,96.5881885757,0.0
1.97142997166,9.80843307561,99.1214068199,1.0
2.55286181272,9.04900563927,99.9091003399,1.0
1.13724565591,8.64767143029,100.668230049,0.0
0.219635795085,10.0354733503,99.481417308,1.0
1.37904290911,10.7421307439,99.9427603426,0.0
2.36894661292,10.9322962888,98.3176944595,1.0
-1.61873868868,9.50260341309,98.490379686,1.0
1.39391525934,8.4478130402,97.8671044158,1.0
1.28393806383,11.1553832838,97.5361699611,0.0
1.92078390086,10.7281546861,100.442862295,0.0
1.50738177581,9.49075291044,100.276347295,1.0
0.394841614765,10.0245433494,97.6819290057,0.0
2.20734352617,10.7890992673,101.578464893,0.0
-0.013685467689,10.6584858339,98.613590768,1.0
2.30429680895,10.4545230045,99.0229449811,0.0
-1.38995433417,9.86010718301,98.8550262714,1.0
0.449403961327,9.42001186821,98.8532544743,1.0
0.775665185411,9.35348070215,99.1913869216,0.0
1.1350713105,10.5821960406,99.4986705828,1.0
1.18795584675,11.871258811,101.040345257,0.0
0.726106093096,9.80796350834,100.915237307,0.0
-1.00264090452,7.22826308984,98.688765962,1.0
0.696610057831,9.64968934138,98.8671066725,1.0
0.615810120885,8.73167173822,98.4257412883,1.0
-1.33468059299,9.07668211463,95.6215691462,0.0
-0.935282657687,9.38057917246,99.1236713553,1.0
3.2748847787,10.302510969,98.5438150539,1.0
2.34957723257,7.63801546281,100.143545579,1.0
0.0129880210049,8.98993059899,99.4437679307,0.0
-0.49014573816,8.20289731291,98.7503789017,1.0
0.501341562006,10.2410449072,100.632923946,0.0
0.497982582121,11.1871360521,101.797961354,0.0
3.34572215631,9.37716221012,100.823853433,1.0
0.752003202804,9.58145113289,99.6609938325,1.0
-0.406544273806,7.4118513055,98.0691316455,0.0
1.88600297172,10.7716023349,99.7462600748,0.0
1.88328643508,7.40166975108,103.274845214,0.0
0.74963366189,9.7604410639,97.3044841502,0.0
1.63228510832,9.39281473837,98.900233619,0.0
0.775104301575,7.27145285648,101.321119404,0.0
-0.220401542594,9.71634561603,100.759535493,0.0
1.18121292783,10.2904655649,100.778292866,0.0
-0.6206118357,10.2301109256,92.6762288416,0.0
0.411297692878,9.59234948722,100.03796824,0.0
2.05381852649,8.28367040479,98.7887201009,1.0
2.82296287535,9.37320876636,101.240485332,1.0
2.17149832672,8.71280129361,100.456508597,1.0
-0.547498650194,8.45831303935,98.3287016647,1.0
0.276663110448,9.90429078227,96.3626163983,0.0
1.28207348521,9.28103142724,99.5656453688,1.0
1.07358709475,8.6923222247,98.8075655165,1.0
1.36851804823,8.71681954111,98.9378328482,1.0
0.876386943781,9.71003466001,99.2227875052,1.0
2.41945114421,8.31729525411,100.035020979,1.0
-1.46540585642,10.0447353415,99.5266567201,1.0
-0.849191686053,9.08833215004,97.78929254,1.0
1.54758627986,10.044204091,99.5995607041,1.0
0.633600247882,7.8353328449,98.5791618689,1.0
2.58882644603,10.4767104538,101.995427241,0.0
0.936589827577,10.6246479219,98.9249610104,0.0
1.02638427488,8.22119917185,98.685851008,0.0
0.0370303976696,9.28555852895,99.2144419685,0.0
0.86997133791,6.01218412505,97.9637980009,1.0
1.57949829418,10.5698675788,99.7891812788,1.0
0.525491759288,10.6154330175,99.4062006977,0.0
0.395328433203,8.78894130679,101.231556641,0.0
1.94850076172,10.414691411,98.2753469917,0.0
1.87954174305,8.78282782095,99.274133604,1.0
0.694853437984,8.77962845476,97.2859259979,0.0
0.941658432939,7.65229273222,98.1636563073,1.0
2.23877059194,10.5815909927,99.8538461148,1.0
1.62999207933,11.0026719538,100.726293504,0.0
1.52897574174,10.1648733918,102.922514168,0.0
-0.607992914125,8.33914052212,98.1761284308,1.0
-2.45069243124,8.10761949194,97.3879084385,1.0
-0.666798865431,7.06566450933,97.478401494,1.0
0.515688176658,9.6730648663,97.6072725365,0.0
0.921141009277,9.59471850952,97.4857346428,0.0
-0.589411887483,9.52541009089,95.0269711098,0.0
0.306635216816,9.52009055957,98.9859195138,1.0
2.0862728064,8.79357688957,97.7561398634,1.0
1.076092285,9.30376307977,99.801572672,0.0
1.32771806331,9.87568097914,101.683895692,0.0
1.40054581035,8.80619481204,98.6624184218,1.0
1.56404958395,9.44937651718,99.5520247661,1.0
1.54640351366,8.17140112318,100.113815719,1.0
0.318458397531,9.88828868815,99.3728908588,0.0
1.72609143582,9.65036228347,101.399304547,0.0
0.604340463748,10.6949148365,101.194362224,1.0
0.331634322834,9.18159029382,100.094569394,1.0
2.41893249711,10.7120692933,99.9487706144,0.0
-0.558419534524,8.2646534793,99.1047380749,1.0
-2.90781087492,8.59864590716,98.1416939274,1.0
0.792843241188,10.6572447163,101.190471077,0.0
1.7519748613,10.4325511832,99.8802037354,0.0
0.919826922152,9.20341291081,98.483956013,1.0
0.941589580008,7.29239121112,98.6252948825,1.0
2.10994531414,10.9435990206,99.2929895299,0.0
0.952276331994,9.71184398181,99.2001699529,1.0
3.4191997051,12.3350682651,99.2743837027,0.0
0.573744984549,9.98996167576,102.33733999,0.0
-0.819196205492,9.32379117343,98.1612244016,1.0
2.10009969021,8.03670184304,100.386006195,1.0
2.21686920408,10.7012430472,102.426514173,0.0
2.71812428455,9.27112603015,99.3238916153,1.0
2.46684048421,10.5833645718,102.860391927,0.0
0.801420509287,7.67121164266,99.5935972593,1.0
0.563034211265,8.04396205057,96.1233933589,0.0
2.10596473714,9.01355420893,98.5470907882,1.0
1.3896655926,10.9182080673,99.6380802571,1.0
1.32172426868,12.2521077897,96.0197666111,0.0
0.934889915347,11.3785102964,100.219422881,0.0
1.61740080878,10.6132639584,98.8751029714,1.0
0.819492309355,10.9396588455,100.712927307,1.0
0.752480214392,8.73963751045,97.7252436633,1.0
0.932684073174,9.83313848576,99.3522638752,0.0
0.728313653341,9.39872620686,100.699106635,0.0
0.45729974749,10.5960671305,99.6753980884,1.0
-0.00836343712242,8.53399491631,98.5403614367,0.0
0.245781728678,6.98093023996,98.2059141694,1.0
0.663501655169,9.74043730821,99.2386944132,1.0
3.40431321067,9.58631195575,104.263494201,0.0
1.77476571545,8.67139586147,97.3184232051,1.0
-0.666513017906,10.0379273852,96.6631926303,0.0
0.897633545084,8.61094342455,99.7771703577,1.0
-0.460772729282,8.55496064252,98.2919721328,0.0
1.39952816275,10.441403626,100.705026021,1.0
0.686665285795,9.7192709996,99.0633793147,0.0
0.67249330786,9.29449082207,99.9660161058,1.0
1.58222797621,9.57678423325,99.59798993,1.0
0.545315666466,9.27386104695,101.09442808,1.0
1.19660399422,11.2448438666,99.2636224706,0.0
2.29470935637,11.9789769973,101.781856263,0.0
2.18879908634,9.31743968963,101.842034474,0.0
2.30877640289,9.18012314886,98.0164505832,1.0
1.07567242908,8.35984041473,100.262733001,1.0
3.09231598733,9.06820044135,98.9865676939,1.0
2.99145158215,11.3244869887,102.154617746,0.0
0.469492160221,10.5276038053,101.01522725,0.0
1.62511719682,9.07644548625,98.3628127493,0.0
1.87851574459,8.59996932642,101.596947041,0.0
0.295660757428,9.52897246582,101.162552679,0.0
1.72588871689,10.6570289302,97.2405358947,0.0
2.41013539434,10.7416080547,97.8526341286,1.0
-0.662022272819,8.38185179838,98.742139303,1.0
-0.115237878109,10.4061087519,103.41580946,0.0
1.1502219638,9.97958917002,100.079371753,1.0
-0.086380042168,9.87632995956,99.8707702722,0.0
0.524155937801,9.12913014322,98.5370203488,1.0
2.89040758476,10.0587311679,98.6453878627,0.0
0.0805956765914,9.75425918954,98.035605376,0.0
0.912883246122,11.2597590904,100.10548159,0.0
1.13310278859,8.78456986418,100.454081512,0.0
-0.550879327042,10.1297592044,98.8354675537,1.0
2.02738972791,8.48237088683,99.8583278667,1.0
1.00071329415,9.95322671435,99.0525698039,1.0
0.830232463627,11.5234215275,97.4684815908,0.0
0.972772450226,9.15647984876,100.59003227,0.0
1.58019839311,11.3842560263,99.3684163875,0.0
0.712987940695,11.3306805555,101.124090797,0.0
1.27534330055,8.55947870381,98.567587282,0.0
1.71230852786,11.0701336428,98.413541032,0.0
1.76701308973,9.55585448873,99.8626197101,1.0
0.847092906416,11.1859767082,100.999821885,0.0
1.46352593583,11.5238252906,99.5627979789,1.0
1.13912243826,6.71701231458,100.137409551,1.0
2.62827894154,10.3266005723,101.788517323,0.0
1.20240042111,11.6068806571,98.4595915031,0.0
1.63429370216,10.0514061107,97.4486683905,0.0
2.59252988301,8.45094009135,99.9956128414,1.0
2.11139524501,9.22079020662,98.3099710868,1.0
-0.293906244994,8.93792818278,98.5666232358,1.0
-1.13551012852,10.0206767405,101.277571763,0.0
2.95162015354,12.363270356,98.9288526794,0.0
-1.23616434314,8.55112865839,98.7175241612,1.0
0.718029398897,10.6753852864,98.4250516573,0.0
2.05952154208,10.3389092173,98.96723232,1.0
2.10813908977,10.4927525876,100.374244049,0.0
3.38960077554,9.85433555975,101.056251405,1.0
2.26657749192,10.0670866718,99.4216773276,1.0
2.81952448048,10.0613931787,105.388903715,0.0
1.23068776176,8.0990236371,99.2272445118,1.0
2.19291223794,9.22343480156,100.719630315,1.0
0.478828972477,8.10576097564,98.6993222071,1.0
1.36258530947,9.74335745599,100.445368015,1.0
0.980527353004,11.8734167075,98.4870052942,0.0
1.26632620489,9.60441397141,98.7634879058,0.0
1.26136716423,10.4855467418,101.11591743,0.0
0.227075859989,7.22573034865,99.0550988386,1.0
1.6895032163,11.5969423453,101.431599706,0.0
1.08778946464,9.70362346963,101.45165996,0.0
0.423537576513,10.8976568782,100.005824945,1.0
2.37193152492,9.47401690227,100.095680456,1.0
0.353017555435,8.84844073421,99.8395681936,0.0
0.0240338342377,9.76524165238,100.049570803,0.0
-0.343363362718,7.73101022243,97.6133913943,1.0
-0.072935769377,8.02926034812,97.8734462699,1.0
2.85547411186,9.40233176191,100.270608087,1.0
0.0288800917436,11.1962638273,100.460952772,0.0
1.2371679707,9.49120280537,101.19177416,0.0
1.55995826366,7.99953466944,98.0316524918,1.0
0.422301130773,10.440607979,101.893101057,0.0
0.139015503068,9.82820245592,96.4299821033,0.0
1.17603429836,11.6331165715,96.3489865967,0.0
0.966200275269,9.65253657832,98.8808912475,1.0
0.88033139568,9.72359803409,99.8782324402,0.0
0.260722411929,9.5699686925,103.798532114,0.0
1.59478206397,8.96039173311,102.819639718,0.0
-0.461258808152,7.33978330746,99.0928757632,1.0
0.102227687141,9.19512270379,99.8136761462,1.0
0.8822911959,10.5506610808,99.3521317622,1.0
1.98705009106,7.35731846001,98.9697162868,1.0
-0.200762252384,8.09129826645,98.0080725432,1.0
0.530528866365,9.83225517126,102.096509083,0.0
-0.114836565856,9.27611203645,99.7835974842,0.0
2.92798104664,8.97653293904,102.749384414,0.0
-0.698617363257,8.96185947485,98.6524181184,1.0
0.571072839103,10.5865177095,98.1332411208,0.0
2.02566671435,8.56303077074,98.4009259314,1.0
0.78386285814,10.3839058691,98.9395082093,1.0
1.5126822748,8.55902089927,99.8151083778,1.0
1.40502340446,8.866250614,98.8334536112,1.0
0.897015407666,8.8651131693,100.235633855,0.0
0.350049733095,9.90289741927,96.4188506567,0.0
0.75628598351,10.0468860319,100.019967724,1.0
0.789305530792,9.55819375045,101.643479971,0.0
1.09278196402,11.6942830348,99.1984574941,1.0
0.433427700552,8.41746480507,100.310600233,0.0
2.77150198272,9.61790481608,102.854114254,0.0
1.6263250575,9.4911890893,99.1692509331,0.0
3.40644128938,8.79622762126,99.2828768515,1.0
1.46718206428,10.1080864909,99.2253126363,1.0
2.41615135778,8.56555331998,98.8917068879,1.0
3.63080660242,9.42873166655,99.6832558969,1.0
-0.495102454972,8.18953391046,98.0814069373,1.0
-0.0601870526036,11.2344043507,99.4918822393,0.0
3.80102896312,12.0173002186,103.838936836,0.0
2.13826258318,8.40577368044,99.1061175105,1.0
1.19823222284,10.1048655496,98.6825968485,1.0
-1.37269262407,8.85643812859,95.3483240534,0.0
0.261454533502,9.15181575883,95.1934572155,0.0
0.768304738018,9.44287772403,99.8785263278,0.0
0.0868117642992,11.9090384288,99.6875068121,0.0
0.277587526845,10.2022948549,98.8238231603,1.0
0.585611831093,9.76534308863,100.181442012,0.0
-1.04921617162,8.0407940743,98.9693549085,0.0
1.01178418458,8.11795391938,103.717391474,0.0
-0.565620368907,10.2667819995,98.5120755343,1.0
-0.662874918829,8.04229139672,98.5561686208,1.0
0.479797969524,9.69417169474,97.3988934961,1.0
1.12067012553,10.4905717822,98.3240322158,1.0
0.0870580697443,9.28159730826,93.7004579991,0.0
1.44113985463,9.99440279278,99.0783889016,1.0
0.907706459544,9.85331304006,98.7863657256,1.0
0.279454370735,9.72244231182,99.3625385132,1.0
1.65386984905,7.74941221591,98.6171167607,1.0
0.397823311769,7.12167285572,100.728946641,0.0
0.798756026822,10.3966144435,98.780645986,1.0
-0.0636829597522,10.2418521922,98.7818754927,0.0
-1.80598891167,7.20889562276,96.8210478322,1.0
-0.263340375262,8.11861783397,98.7813058726,1.0
1.76627183396,9.06909635872,102.248019892,0.0
1.80356216901,9.38534906912,100.317862596,1.0
2.68763483803,10.5134866157,101.574229889,0.0
0.0233476558665,7.29801172017,99.6042242722,1.0
0.866702944856,9.45216185393,98.3113348124,1.0
1.07796212865,9.26810047308,98.7759647807,1.0
1.48749938904,10.7353000801,98.7484839057,0.0
1.14859920867,8.93180627591,104.354826785,0.0
1.72066065816,9.60079795086,101.363297003,0.0
0.737488295826,9.44348730878,96.6334591728,0.0
0.574536260733,8.48117132769,99.3773009269,1.0
2.07284592666,11.6486370814,99.5651370989,1.0
1.62835361099,8.80829804623,98.8809259633,1.0
-0.631996029466,9.74182288517,97.5818323269,1.0
0.588643064352,9.16514917398,99.138736596,1.0
2.02901345456,9.73729808958,99.417080755,1.0
1.91244986574,9.33550405502,103.351618515,0.0
0.519008433836,9.09032528346,99.6352095704,1.0
-0.158269963297,8.5876938058,98.1813731406,1.0
-0.802457946567,10.5681552403,96.3535621977,0.0
2.39536837601,10.1840831713,104.043633561,0.0
1.10145192791,9.66941818558,98.7824045946,0.0
1.79047315408,11.0142286741,100.94846184,1.0
1.71726313155,8.45011908601,100.717816129,1.0
1.23416042763,9.02850524244,98.9062251417,1.0
1.60269798821,10.0969646671,100.894040517,0.0
3.33077758079,11.3967809774,103.705720765,0.0
2.51639602957,9.95876529683,101.257165117,1.0
0.273444686333,10.620321882,98.8936367688,1.0
2.80140090196,11.0189690383,100.447527158,0.0
1.26948586367,8.63791413954,99.1733284173,1.0
-0.402382704704,10.4708624072,99.7106401153,1.0
1.7194935345,9.32483310442,101.284943831,0.0
0.0868714892845,7.43669377181,97.8990241073,1.0
0.0197045837438,9.5148414978,96.1004657765,0.0
1.92821405098,7.90803087413,99.243808089,1.0
0.67675850117,8.14895788853,98.7204953681,1.0
1.56609038476,10.2353880917,98.1224670226,1.0
2.03541549551,13.1258427622,105.162115499,0.0
0.881373564652,10.6974078702,98.3306823602,0.0
2.23875800676,9.04961844439,98.2095311875,1.0
1.69782936977,8.57398920009,98.360423556,1.0
-0.240461667263,7.97703670253,97.8322186476,1.0
1.07535014563,9.79679330279,98.7518267925,0.0
0.937209601715,9.10790300788,99.0196989864,0.0
1.05719983916,9.62677687977,99.7917728225,1.0
2.48289160325,10.3754079611,103.746134629,0.0
1.59913844995,9.77154811899,97.3040722656,0.0
2.2582737318,10.6515419932,100.063458632,0.0
2.30563240492,7.39283751055,99.3890839535,1.0
0.565196733242,8.04901670226,98.5524000328,1.0
-0.604349368842,7.52911923177,97.5576886394,1.0
2.11316205432,8.27515890785,98.5482250982,1.0
0.178448758621,10.0241245149,99.5511504707,1.0
2.75936607299,12.0280927709,102.484153084,0.0
2.74884148112,10.0400478966,98.9654352796,1.0
0.396741006524,7.88245768126,98.4104351846,0.0
3.25696663761,11.6601604153,102.528477105,0.0
0.39359156219,12.1728896311,101.107613067,0.0
2.0388645982,8.10522489844,99.160019264,1.0
0.734111857499,10.1962039091,99.0247118465,0.0
0.263256846911,9.39381995373,100.06653068,1.0
0.509266290994,9.53727311489,99.9031039478,0.0
1.62580283046,12.2926826097,102.182186643,0.0
2.01103805436,11.1953605005,100.149298078,1.0
1.13332380856,11.300278842,100.608733322,0.0
0.0770345847717,9.33070614662,96.5164769231,0.0
1.52849068908,6.26082553373,98.1330567248,1.0
-0.219484993836,9.75581560841,99.3776514188,1.0
1.51372508633,7.36890437363,100.95670613,1.0
1.14821878371,9.33639167998,100.592901983,0.0
1.17545569002,9.63472964731,99.0594420544,1.0
0.607579576625,9.84062343693,98.3889258754,1.0
-0.591438927583,9.34094708626,101.046115687,0.0
0.372346421371,8.52691358407,101.013486499,0.0
0.523939489482,9.53743274822,97.9994048243,1.0
2.37190600099,10.2694327679,101.351163496,0.0
1.72372470371,11.6649573356,102.622998096,0.0
1.7780870234,9.84792759182,99.3890202472,1.0
1.38110781748,8.96787960349,102.515500081,0.0
-0.53081187828,10.0401938134,95.6334674821,0.0
0.476489413593,7.60925869951,102.453104863,0.0
0.433042222324,8.35844997975,103.812471494,0.0
-0.579371886653,7.95117582082,98.7506468823,1.0
1.11917070186,8.9168491392,100.780100751,0.0
1.03968971258,9.67700055311,102.024926857,0.0
2.04573681186,9.08494141752,101.830540828,1.0
-0.00490571491811,9.97997474245,100.127022795,0.0
-0.390147863983,5.94839796706,98.832687704,1.0
0.418964664207,9.24877144914,99.3315707964,0.0
1.64332118404,11.7812362271,97.1695396584,0.0
0.716058084617,8.76231400624,98.2824653382,1.0
1.4348585871,10.7268182656,101.671587783,0.0
1.44513756749,9.97364888576,101.695989137,0.0
1.65889429691,7.2379007771,99.0795822684,1.0
0.739126889604,10.188457901,99.7181940614,1.0
1.10645286858,11.2466190088,103.549609113,0.0
2.55516804841,8.97538412101,99.0668638408,1.0
0.950978296266,8.37619037391,98.7750569842,0.0
-0.230157617426,8.32457287664,99.4841196132,0.0
1.10173293886,10.5319300603,99.9491710419,0.0
1.28499416906,11.0486674709,96.0172008173,0.0
0.773682683155,10.3857129438,101.415985997,0.0
0.495237905955,7.3635219258,99.0193476629,1.0
1.67889961712,9.36884023734,99.521656414,0.0
0.595826540095,10.5351327158,96.8094656557,1.0
-0.391509272866,8.94306069005,99.6340517349,0.0
1.8053996739,9.29315071533,99.5138250202,1.0
-0.3806485218,9.09598095731,99.4725295864,0.0
0.765489546433,8.22203714359,100.399098475,0.0
1.06517005992,10.8900919704,101.807915289,0.0
0.154135422988,10.0337459143,97.8942508239,1.0
0.19582321981,11.0423726588,96.1930389753,0.0
-2.15774117438,8.2776648514,99.3424793402,1.0
-0.293089077264,10.0772543865,99.3474303386,0.0
0.901548906001,7.14040717533,97.5666752046,1.0
1.74871542818,10.9830925667,103.242406329,0.0
0.254013570505,10.5333509765,95.4328692855,0.0
-0.875138578634,9.70000431868,99.1880134557,1.0
1.26675032941,11.1478321229,102.420912846,0.0
0.344720151713,10.304380765,101.244897598,0.0
0.757998898705,8.98277765316,103.17358903,0.0
0.120962575726,10.0224123335,97.6055969221,0.0
2.14981184412,10.9554636798,99.1761879341,1.0
-0.692517063352,10.1146834442,101.621746716,0.0
-1.43478904074,7.4238930762,95.3986469793,0.0
0.625721253654,10.2140166423,98.9680051532,1.0
0.736538703862,7.95363385529,98.9221899328,1.0
-0.0846429968928,11.8461098851,98.5014181442,1.0
3.37418919471,10.7379287137,104.845536862,0.0
1.17124185602,10.5553382152,97.9721162239,0.0
-0.781934523817,9.05426749407,98.900438284,1.0
2.13611130419,11.2855581774,99.6278558775,0.0
-0.0972279785003,10.825845027,96.9419228948,0.0
0.755500360575,8.89149512565,98.8892760601,1.0
0.226268703771,10.6516431673,100.656794142,0.0
0.697851734615,8.61453106646,97.9731441169,1.0
1.22325723215,9.06085569165,99.200796224,1.0
1.00083263403,11.2342360772,99.4224161702,0.0
1.28370553128,7.1182902672,98.3518939905,1.0
1.12108949627,10.8109469475,99.2088668091,0.0
0.246723986007,8.83227526633,99.503849584,1.0
0.30766756335,9.37721003914,100.416007753,0.0
1.01506519295,8.69409582313,99.4351992447,1.0
1.94943354388,10.8012805976,99.6931411261,1.0
0.495927305452,9.82345291472,99.5140900654,1.0
-0.0625041374956,8.68027351317,97.2964876217,1.0
0.887157450383,9.03982936609,98.7939572789,0.0
1.17187799387,10.2314698973,102.648486046,0.0
1.73529413019,8.33141054839,99.6764600741,1.0
2.11470634056,9.97294478788,100.476049554,0.0
1.67895321509,9.39739196306,99.7151880195,1.0
-0.583593210775,9.4401730174,98.3547199027,1.0
2.35073150653,10.5898956221,103.720327342,0.0
1.07462834286,8.76549171195,98.6776191238,1.0
-2.10113262431,10.1620732754,97.0290128786,1.0
0.474685709951,11.1571118775,98.8887790442,1.0
1.49133023039,8.13506007741,98.9673463707,1.0
2.362253411,7.90671442656,97.9458190665,1.0
1.35694289009,11.1816797215,98.8266155386,0.0
2.24093832442,9.20303281154,99.3151604086,0.0
1.52284225414,10.331772213,100.008755503,1.0
1.63796012599,10.4351378226,99.7143193366,0.0
2.39749048079,13.126309231,100.282922596,1.0
2.53348497486,11.9109502753,100.545983028,1.0
0.143416914643,9.94650778483,98.5586570626,1.0
1.69663527342,10.6420875602,101.94398269,0.0
3.52266425038,11.3009394394,104.608761348,0.0
1.95551709518,9.90647116435,100.268638263,1.0
1.98642609572,10.6805089992,101.322946643,0.0
1.51333552104,10.4101145328,101.218211536,0.0
1.72635642384,10.5855432424,96.4151478352,0.0
-0.300606205948,9.89403385945,99.4389144627,1.0
1.67194199336,9.37152166947,97.6742273771,0.0
0.098090950123,7.27968278427,98.2470997944,0.0
0.380456145581,9.09931610259,98.3608569627,1.0
-0.470205644917,10.6435967325,99.4004988304,1.0
-1.07159487817,9.08485249519,99.0083808127,1.0
1.13048870612,9.26381862828,100.744602083,0.0
2.82814845164,10.1282410523,106.07211612,0.0
1.39779213424,10.0879874592,100.542989189,0.0
1.4475307436,10.4580377825,100.036116526,1.0
1.92267668854,11.1293046616,99.1340747224,1.0
-1.02650071345,10.5506227843,97.8620418631,1.0
0.793805126814,9.34869218855,98.8032798326,1.0
0.917352312962,7.71499393254,99.1987789994,0.0
1.70132830924,11.5341252394,99.9465668857,1.0
0.985348332262,9.83256810955,99.7534828706,0.0
1.99803144874,11.3734717218,99.6991782096,1.0
2.15393374935,11.9502518197,101.05708594,0.0
2.55526919713,8.71450024201,98.2321724798,1.0
-1.93739077038,8.50816902533,97.8703574325,1.0
0.549931209269,9.14677383677,97.5142471742,1.0
0.844834710714,8.6306280069,99.035660365,1.0
-0.525648611265,8.44932046215,98.907951079,1.0
0.012447411304,6.78240426546,98.8133407854,1.0
0.415475414415,10.6096394232,101.513727679,0.0
1.77249243098,9.79057487955,100.55655003,0.0
0.704173322756,8.90239414933,98.9618050948,0.0
1.33939656067,10.4169516385,98.8581042971,1.0
-0.803746379093,9.55709242515,100.60903677,0.0
1.76717281107,8.34234993688,98.935529379,1.0
1.25054781424,9.08606147035,99.3661032528,0.0
1.50809942279,8.78388740759,98.9152336177,1.0
1.79888568726,9.45755228198,100.06049718,1.0
-0.367688252225,7.94588887887,97.9221677103,1.0
0.615586508248,9.64678995731,99.3835474352,0.0
0.716552634297,8.49236464223,98.3220901499,1.0
1.33589688028,9.64851417668,99.5792893777,1.0
1.14325282753,12.3708071476,101.407316923,0.0
-1.04216650289,7.42977770567,99.324121328,1.0
1.54017191526,11.8450961818,96.4613285362,0.0
1.35370376898,10.833777196,100.209043377,1.0
1.70234802205,9.50341336338,97.9198581558,0.0
1.63729303014,9.58696983071,100.923178992,1.0
1.02852575387,10.6844413765,100.757622749,1.0
0.959816707639,9.38226570127,100.240070084,1.0
1.76090664644,9.31052110502,100.295549543,1.0
1.93493891886,10.0502937465,104.082625767,0.0
0.0298868308046,7.93413012473,98.8890677346,1.0
1.45083944559,7.39422979525,98.4649488888,1.0
0.0259723478929,9.81814776631,98.9505902241,1.0
-0.420499722656,10.8820929213,102.422515951,0.0
0.915715800808,11.7176148307,100.334720163,0.0
0.911598695526,8.91611624486,97.4416364757,1.0
0.885196544471,8.93267322344,99.2769446086,1.0
0.884446752706,9.60798492395,99.629185256,0.0
-0.205599266044,8.54421867679,98.452705793,1.0
0.942090191402,10.6319769579,100.408611364,0.0
1.16435356686,11.0259912621,99.2680797358,0.0
2.23681481168,10.5805496341,101.841522141,0.0
0.811476952755,8.68495199625,97.3496054712,1.0
1.37327436641,9.80905370966,100.285689247,0.0
-0.956059488936,6.77876777141,97.2685350098,1.0
-0.376797271947,8.64409824771,100.710638635,0.0
0.625403535523,9.19724569577,101.842896167,0.0
-0.739395173161,9.67258566837,97.5794721406,0.0
2.39924079163,10.242443208,103.169691765,0.0
0.0738725047825,9.52534371193,97.9937997741,0.0
-0.922691330409,9.91092550284,98.9644036074,1.0
-0.024635975585,10.7522364221,103.066169345,0.0
0.77359324087,9.67061381806,99.1639070532,1.0
-0.27144477042,8.65463791531,98.514447774,1.0
0.622841457432,8.94823982244,98.783530799,1.0
-0.694742614097,7.5728978142,101.091967701,0.0
1.12272294573,8.25814771596,99.5819693214,0.0
1.02930970235,9.48811035902,98.3623536094,1.0
0.956010570316,9.44970859543,102.351268845,0.0
0.876251934013,11.0663062008,99.4292924847,1.0
1.16016951644,11.6745045791,99.905764757,0.0
0.709125778303,9.70322107054,98.2991350344,0.0
1.41420920942,9.49685491616,103.504154714,0.0
1.38882009721,7.42020304918,99.2220159648,1.0
1.61479401187,8.72562359945,99.2666331493,1.0
2.69400120661,9.78303172182,98.4869185548,1.0
1.87532096688,8.2911261227,99.8067541958,1.0
2.77123053548,9.74098229148,100.382459168,1.0
2.11847239388,11.3318984128,99.105053629,0.0
2.98504097464,12.3617792442,97.9027076475,0.0
1.30681971022,8.90893865613,102.399954675,0.0
2.72911360766,9.76262834727,98.8703569729,0.0
-0.183134477847,8.08754969243,98.4768418283,1.0
0.464106240197,11.5502869474,100.728012127,0.0
1.55405084471,10.7833959742,99.9872201547,0.0
2.23619195193,10.09177251,101.215207297,0.0
1.8229761302,9.30334391237,98.9189206729,0.0
0.129009693238,9.19997371866,98.2981650951,0.0
0.406759882774,7.79601462229,98.3118813118,1.0
0.455102159755,7.84754379619,100.558399727,0.0
0.276486192082,7.00513647846,97.8549831764,1.0
0.460316468469,7.18624538423,99.0015901682,1.0
1.00265112176,9.35873824957,97.7715683054,1.0
-0.565481190957,8.96578136055,98.9656986676,1.0
2.23668987737,12.1614392696,98.6672955457,0.0
0.306558204964,10.7608309603,98.9134033601,0.0
0.816398986851,9.26417614597,96.8030777415,0.0
-0.160440137771,9.35507091235,98.9190707374,1.0
-0.113048336336,8.57910414941,99.4339024349,1.0
2.02996209498,10.6409028646,96.4994027939,0.0
0.795886363138,10.7553316498,99.1780341674,1.0
-0.212354970623,8.66064761515,98.3252021433,1.0
1.61856444697,8.26482955635,103.211248859,0.0
1.49528679589,12.5129328579,101.07795988,0.0
0.0640936412356,9.51105667422,97.2468260041,0.0
1.97074250322,8.31115162223,99.4105253445,1.0
1.95366458286,10.7008836794,103.778028718,0.0
-2.40538279294,8.90775756098,97.9821444613,1.0
0.357303691518,11.5855972443,97.9167115889,0.0
1.1324968535,8.05095970497,98.9588348912,1.0
0.569065432267,10.27777773,101.634101068,0.0
1.93152177391,9.45493512364,101.170164511,0.0
0.392288062002,8.67783068249,99.4592031371,1.0
-0.572979697959,9.5430990453,97.384244159,1.0
0.802785012047,10.2048092056,103.114632383,0.0
1.44878930052,9.15809974983,97.6458328236,0.0
1.49720163069,9.46439730541,101.243780738,0.0
2.27617444646,9.66459655707,103.756797391,0.0
0.949038500905,10.8416855247,99.4521819131,0.0
2.99251764459,8.79902426889,98.9632595207,1.0
-0.0851515866588,8.28270416165,99.1615815728,1.0
0.93573995566,8.78678125705,99.0552621016,1.0
-1.23611618269,8.76752405801,99.2623002405,1.0
2.09692194251,12.0747464945,101.055714216,1.0
1.30892053991,8.34284512695,99.8171091457,1.0
0.22637278384,11.0938322951,98.536273967,0.0
1.29983841907,10.7392909206,101.409017412,0.0
1.1222069058,9.0798133684,101.248238582,0.0
2.39645191418,8.98127291285,99.467398336,1.0
0.614172224854,8.82240014361,98.4360773269,1.0
1.2452241415,9.21881189144,101.104058677,0.0
0.797392454631,9.95164798376,99.7983763468,1.0
-1.33481764184,9.18054614149,99.2182723263,1.0
0.798510718895,7.92109559287,97.7420444799,1.0
0.410028853551,10.3022671632,99.6292412509,0.0
0.410243036807,8.36455779239,98.3800385964,1.0
-0.19688760091,10.4413812176,98.6432019871,1.0
2.4290975534,8.95945565004,99.6475649299,1.0
1.79633209651,9.52875071662,99.4163088778,0.0
-0.0471561417798,9.74106989748,98.3207369475,1.0
1.24714033512,10.218450905,101.732598114,0.0
0.73052194589,10.4587150423,102.978061221,0.0
1.92478121547,8.81434002032,100.748180969,0.0
1.10868853042,9.29584466532,102.194761012,0.0
2.49333011444,11.7799828567,104.168301768,0.0
-0.420638874104,7.32378609832,99.2012401334,1.0
2.75996092185,8.83927398932,98.6813024442,1.0
-2.10573594719,8.5732746995,97.7562225944,1.0
-1.98434619947,8.34759564058,98.170963225,1.0
0.890006355858,9.74817864784,98.9309903142,0.0
0.14345283463,8.33818200809,100.064904713,1.0
1.35661710382,11.4283449206,98.7166531579,1.0
2.46101972256,11.0296006507,99.9184874109,1.0
0.0827752439613,8.46821776218,98.3204061164,0.0
0.493055182531,10.7467392365,100.060509767,0.0
-0.96323349856,7.60646957276,98.7729308885,0.0
1.96010328333,9.33257113536,101.563032027,0.0
0.729212395873,9.22367706862,98.9011183006,1.0
0.957109226626,8.97200226522,98.9905919417,0.0
2.35469111092,10.9116614354,99.3490243968,1.0
0.667290453118,8.35768739309,101.857972611,0.0
-0.028827357199,8.68523222054,98.469839878,1.0
-0.981120100127,8.86184941673,98.0445262523,1.0
0.924929172348,10.7900891943,98.7509367914,0.0
0.370167016713,10.0188421306,101.193089411,0.0
2.98266422769,8.63611280691,99.0326257733,1.0
-0.497755894716,9.80573155878,100.856607477,0.0
1.40112903912,11.9390660656,98.0305635761,0.0
-0.590945208606,8.058875364,98.2883238185,1.0
2.91007570007,9.80178816158,102.857548537,0.0
-0.276709324206,9.94026403661,94.3459443334,0.0
0.578190947393,8.84950126255,102.090376829,0.0
0.783117458583,7.59293530197,101.483553873,0.0
0.891122674438,10.0894607841,96.3901569969,0.0
2.28725380882,10.5019286167,99.5664965945,1.0
1.47287440936,9.96381288166,99.1610047622,1.0
1.10326795642,11.3722275781,99.8041024132,0.0
1.68569815825,8.86070344719,99.265998472,1.0
1.19296432132,7.55858574707,97.722503885,1.0
1.63451385265,12.4527015187,99.0041598879,0.0
-0.424086954072,9.56316013649,99.4176368752,0.0
0.767288512168,7.97919383312,99.8629199934,1.0
2.41942875616,11.1484281525,102.867133254,0.0
2.27478352315,10.5246922868,99.8795059132,1.0
0.0724876782541,10.764233576,97.9610708467,0.0
1.56616618418,10.0252553769,100.21399498,1.0
0.132615451925,7.32737460237,98.5150368591,1.0
2.70524030899,11.002385407,99.4131701528,1.0
0.268867348412,10.2879785801,96.5220112349,0.0
0.273644349352,8.2786126176,97.9094228491,1.0
1.57013045476,10.6506494286,104.154820893,0.0
2.07619665214,11.3860519097,103.737757629,0.0
2.02503509974,9.83467908209,102.290895376,0.0
0.925722695847,8.15792974948,98.4188843445,1.0
-0.00637017813994,8.88835161117,98.2612529305,1.0
1.32953276569,7.50123570593,100.615169027,1.0
0.527624764188,9.8784973985,98.803117374,0.0
0.870206302544,9.84515963504,98.359937134,0.0
4.69872536205,9.75536828595,99.592340471,1.0
0.04408151687,8.44280000517,99.2190673757,1.0
2.63033064506,10.0490960708,105.3603893,0.0
-0.529493530468,9.01408999957,96.0725534119,0.0
1.36799474378,9.06464472989,99.4865787895,1.0
2.91565351515,11.9885982661,97.7612549741,0.0
1.03907731411,8.52122948956,98.559978538,0.0
0.601406110082,9.2254495453,100.509348006,1.0
0.611482742086,8.01681322517,99.0081836498,1.0
-1.05473531193,8.99298712569,96.7897949925,0.0
-0.0972782741372,8.72288884308,99.7371261991,0.0
0.868236817485,8.4155479074,99.5552698107,1.0
-0.699257590248,6.90325731174,97.5374993927,1.0
0.785113936731,10.18846807,100.546425899,0.0
2.02427177836,9.41611217903,99.3607341716,1.0
-0.554158922872,8.18067399064,97.8275650253,1.0
-0.200343799732,9.68877734573,96.5332257987,0.0
-0.477265673774,8.83363331669,96.7342442986,0.0
0.577829490493,10.0160129612,99.2760326384,0.0
2.95869342357,7.55762312653,98.471038702,1.0
1.09427724055,9.87009914936,100.516608169,0.0
1.21784411267,8.5875564787,101.504798822,0.0
0.0700991344682,8.36181923815,96.8979189026,0.0
2.59487404413,11.9810278252,101.382526578,0.0
0.298558231834,8.95155800552,99.9978918258,0.0
0.395726027959,10.6145111234,99.2493044978,0.0
1.00673579527,7.66742771049,99.6122113339,1.0
-2.16608096455,7.57628417578,98.9373548585,1.0
1.72978397559,9.70000911981,100.922811004,0.0
0.886638447868,11.5326279694,101.164834003,0.0
0.985481791732,9.90023072289,98.4573849419,0.0
-0.54946892769,8.32075543564,97.9725069142,0.0
-0.699829940605,7.84693290792,94.0697511942,0.0
0.677070374925,9.10238418661,97.8622136622,1.0
1.35000483724,9.59928651581,99.1784851443,0.0
1.94146422371,9.7833538807,99.4388559483,1.0
-0.71452811421,10.4641273596,96.9465274075,0.0
3.2309208347,9.43588687721,99.7428912224,1.0
-0.0527391432754,11.3399130589,99.0750043346,0.0
1.67248507168,9.12852047967,100.436710499,1.0
0.225613616284,9.63053063745,103.572441842,0.0
0.439900499999,10.1674473719,97.6480662797,1.0
0.8831926536,9.12132539995,100.01631146,1.0
1.1469501418,7.98841674774,99.1196664631,1.0
-0.98431359331,8.08928939013,98.7230775498,1.0
-1.27833267917,7.26173500627,100.619473066,0.0
0.940853711994,9.29443461252,100.126444207,0.0
1.7273583183,8.56617732525,97.3852311193,1.0
0.698935655109,7.68538585816,97.0611857258,1.0
1.34615005934,8.09579915124,99.9119614581,1.0
0.845911084056,8.40872001159,98.8764742321,1.0
0.0861951973786,9.61806793163,99.5129401606,0.0
3.12828616449,10.5115086327,99.9026964184,1.0
0.904480184306,9.67762226265,98.2979027597,1.0
1.1857169695,8.51327217553,99.8749379145,0.0
-0.614860873225,9.57205220531,99.4218689096,0.0
0.791499553463,7.92532066711,98.7266177676,1.0
3.68660471012,8.43645803413,99.5928748714,1.0
0.672470411414,7.82098936634,98.8222079126,1.0
0.488707320615,8.89806912932,98.5917739291,1.0
0.450692757229,11.8045496575,97.3399464248,0.0
0.533992091537,9.14113788214,98.778718621,1.0
-0.523700858857,9.48774936602,99.2980108898,1.0
2.10335045946,11.709555009,98.2496698418,0.0
2.26649550008,10.4669073835,104.764130092,0.0
-0.0548834674829,8.47513630894,98.1670594385,0.0
1.80917074024,11.3494833567,101.506627233,1.0
0.960762631189,7.47310289396,99.105215985,1.0
1.90975370406,9.76463471563,100.308244899,1.0
3.03542585206,10.7856505271,102.158427548,0.0
0.370718811478,9.70235331539,97.1300440773,0.0
-0.26457343575,8.68508573603,100.150541947,1.0
-0.19792789947,10.0008085326,97.9086392018,0.0
0.456615043738,9.44460925411,99.726790226,0.0
-0.123085215572,9.62433788129,97.0148556441,0.0
1.44420542141,10.721349258,100.10510885,1.0
-0.784040216255,7.74358611417,99.3281063484,0.0
1.12706441319,9.11048895898,99.8213165547,0.0
1.04621817518,9.14051153486,98.5875487909,1.0
1.6606930898,7.57416575689,99.3575139273,1.0
0.17388110623,10.6223085829,98.8420945873,0.0
1.27809070975,9.2927884624,97.3086106944,0.0
2.08638010555,11.1598058037,101.982491802,0.0
0.892249426425,7.95551977334,100.257457476,1.0
0.741341756351,6.69590043466,98.5386328675,1.0
0.303961187567,7.48461182565,96.9669343019,1.0
1.73964471832,10.1050134705,99.8746565624,0.0
0.0581474971403,8.19595621316,98.6749513611,0.0
0.876261465532,9.76276959399,100.434089443,0.0
0.297015352939,9.92281050201,99.7795804064,1.0
1.34080277067,7.64079042656,100.17521241,0.0
1.81204395613,10.1267951908,99.6190406325,0.0
2.8774599845,10.0981214008,100.402556489,1.0
-0.90829289713,7.84241282414,98.6010069705,1.0
1.72452109852,10.9171771156,100.15300344,1.0
0.372284663989,9.28773074079,98.0007947441,1.0
2.06843062013,11.7221773321,102.232565419,0.0
-2.32981598713,7.18593226161,98.9118051578,1.0
-0.531651799111,9.19189317498,100.004286634,0.0
1.39121051295,9.92946985531,101.122741851,0.0
2.16136685966,10.764428164,98.4070624975,1.0
-0.128115080883,9.20547551383,101.867589851,0.0
1.35402849603,10.4048266461,101.735678591,0.0
0.452152595031,11.5761132398,100.766468262,0.0
1.63771125488,9.02172086314,101.377412157,0.0
1.02507772784,7.77183302028,99.74295886,1.0
-0.707433568116,7.75470192135,98.48372248,1.0
2.22045875921,9.57618314846,99.1411710468,1.0
2.54958374778,10.3100278597,101.759133697,0.0
1.35208663638,10.155028021,102.313386863,0.0
1.47248153016,8.65247992069,98.2752048258,1.0
-1.76489317967,8.11774797699,97.8346254162,1.0
-1.30292452962,10.3261484071,98.8157440046,1.0
0.611043236426,6.35181864848,98.7335714122,1.0
0.802717802789,9.31714465277,99.6825113812,1.0
-0.182395841529,8.04750354642,99.2472601634,1.0
1.03553241907,8.95686266122,98.4651186208,1.0
1.39817403727,8.8798004452,98.7201084766,1.0
1.01744327035,10.7990527411,101.528042829,0.0
1.17542794718,10.2004518067,99.4770648495,1.0
-0.570135627367,6.77228429419,96.9834629757,1.0
2.62628350272,9.87818196912,100.451999092,1.0
1.25410908902,7.46258203039,97.1493444071,1.0
-0.289751633186,9.14457668864,99.3239227059,1.0
0.21185024718,9.53789046101,99.0782651801,0.0
0.574280685848,8.45600977455,97.9049546887,1.0
1.48774415407,12.5492285981,98.7980363438,0.0
3.14377239877,10.8010528563,99.1975371091,1.0
2.12107988337,11.7429908722,101.141341416,0.0
-0.215725007596,9.01443258683,99.511991766,0.0
1.64933588161,8.4626847752,98.9696565097,1.0
1.54070448618,10.3269297704,99.6883804982,0.0
-0.586630240945,8.82666497238,99.4040244945,1.0
2.00483559864,9.81773710406,99.6139644779,1.0
1.43687575936,9.72166218937,101.573442147,0.0
-0.0931828205042,10.0283849866,99.9305260093,1.0
0.229771905819,9.31718265639,98.8166157439,1.0
3.19903496503,11.6989994553,101.603108354,1.0
0.256007810318,8.51888526735,99.2282927143,0.0
1.29647434797,10.1887983823,101.612541759,0.0
0.892369718581,10.3791258215,99.1665298532,1.0
-0.910884177525,7.38166945835,94.637972177,0.0
0.752154081992,9.52351036025,101.563637585,0.0
1.56501507327,8.73188217223,99.6898457108,1.0
-0.541158460722,9.59047392429,100.566452183,0.0
1.30336737439,9.409101528,99.2438951225,0.0
1.37391499714,10.5637597193,98.9847179541,0.0
-0.210535992632,9.91351792111,95.3811207052,0.0
2.19815013584,10.0125226543,100.358295925,0.0
0.0732581149658,9.56646442488,97.8540683596,0.0
-0.158005098829,10.1131378359,97.5462153185,0.0
0.954137590234,9.86477981913,98.7586639554,1.0
1.94746770199,10.3073289118,99.4321579193,1.0
0.975770045873,10.8305478466,98.7807938026,0.0
2.49307294589,11.979117795,102.497039791,0.0
-0.512084582444,8.48311515853,98.9474868814,1.0
-1.48283162571,8.01158362426,98.8742204649,1.0
2.57784852932,10.4718608519,100.383336343,0.0
0.851654351811,9.750462285,99.1649141268,1.0
2.11803233585,12.1627226812,100.699521688,0.0
2.55940187484,9.59868786092,98.5943076823,1.0
1.29328165378,7.95974869632,99.7999921029,1.0
0.30748551664,9.70399531199,98.0611815647,0.0
1.90442312097,9.72612661744,99.4377931841,1.0
0.618509918775,11.937926463,98.7600507531,0.0
1.7310186746,11.2895538663,99.6832217964,1.0
2.22282706464,9.88790712726,100.111082466,1.0
1.45712142049,8.47985392882,98.3172225041,1.0
0.31088172286,9.01384510928,99.8452577812,0.0
1.66523811646,10.7142390391,97.9230901837,1.0
1.09373713727,9.17682962836,97.2982318997,1.0
0.679329076438,12.0730573076,97.6082249695,0.0
-0.301224872517,7.00603303073,98.8905232465,1.0
0.672174399913,8.7157173046,98.8957345492,1.0
0.536700898823,11.7389752668,97.6259692765,0.0
0.110934061933,10.8748358694,99.9009219805,0.0
0.578023311866,9.53043803042,97.9327454969,1.0
0.316480838718,10.866862191,102.449020255,0.0
-0.008245701615,10.5388591693,97.6246392366,0.0
1.55122259927,8.87900005833,99.2584781131,1.0
1.27068249816,8.44757281478,97.6685389106,1.0
0.42704235195,8.51429602616,97.7561895682,0.0
1.39554275191,10.2263202183,98.7905666152,0.0
1.13086711266,10.7306332299,98.8693901964,1.0
2.09909393707,9.8961308479,99.8234077238,1.0
0.96265668616,10.9348332524,98.7971688715,1.0
0.348837240839,8.51179214047,98.8013899789,1.0
2.36260003311,11.2678083159,99.3022243625,1.0
-1.28320869976,9.74576901223,94.3006976916,0.0
-0.486722299267,9.11647251198,98.3592779746,1.0
1.01453942812,8.69572548047,99.1581127149,0.0
0.031103189826,8.90288646759,98.8562887182,1.0
1.43258816836,9.36457395004,101.084719606,0.0
1.2841505861,9.70574963489,101.821865847,0.0
2.61488210339,8.29945850817,100.231592186,1.0
-0.475751797891,9.70470405142,99.2509603468,1.0
-0.264277033295,10.1201610519,97.1757964245,0.0
-0.723337076927,8.38184418037,97.8979613157,1.0
1.34595323604,11.3448986116,100.058908338,0.0
-0.114011528663,8.67980930422,97.8696977257,0.0
0.76554088267,8.17044984935,100.052260611,1.0
-1.48468273834,7.54756891815,98.2341933681,0.0
0.189666354607,8.22918828943,99.1314399373,1.0
1.27618764299,7.33060068967,99.6730311674,1.0
0.19262567609,9.54709752652,98.834597506,1.0
0.69166003015,9.41896076478,99.7603944282,0.0
0.00618611161516,10.3410000758,99.1131263846,1.0
0.569214239452,10.3783882127,100.190883555,1.0
0.0153310601541,10.5850664354,95.9875346694,0.0
1.85887976224,9.63265586339,101.032145905,1.0
1.10286532055,7.60586904023,99.4193208768,1.0
0.653267003727,6.42758690515,96.9757440724,1.0
-0.337214939377,10.7728565068,98.5426931446,0.0
0.203717314106,10.9274248048,101.990770841,0.0
1.24274973175,9.31309124466,99.2898675668,0.0
-2.01563415422,8.29048268849,98.0558678214,1.0
0.936759541435,9.26292488565,98.0970501994,1.0
0.685454346398,9.06049004001,98.5455973656,1.0
2.36610631152,10.0903566331,100.18959024,1.0
1.44403218373,10.0476594294,100.465193674,1.0
2.30739215683,11.0031704357,98.285660349,0.0
2.96254147414,13.134875437,101.755736254,0.0
1.94522448632,10.972688825,99.1288613021,0.0
2.13137304303,10.3638111226,98.6478152245,1.0
1.56566233411,8.76581684301,99.5156696099,1.0
1.04474309586,11.0038781699,99.9764304089,1.0
0.908773504251,8.98883493588,98.2618680043,1.0
-0.592417857856,8.9453775904,98.6798295825,0.0
-0.494706345323,7.24101514546,97.6620064408,0.0
2.84702329888,9.06313917265,99.2805154885,1.0
-0.709211540696,9.71176843917,99.1858673299,1.0
1.40897402522,10.7106460938,99.7233087631,0.0
-0.435464900211,9.99268411499,99.4176172831,0.0
2.11258847132,8.96977721641,99.9385998767,1.0
0.891414908411,10.0826746457,100.855919319,0.0
1.96318049582,9.18824678293,96.8411677922,0.0
-0.180535648958,8.07625002331,99.1907476579,1.0
1.00446964357,9.21579998915,98.7847521492,0.0
1.36313077898,9.65902600928,100.977875374,0.0
1.7373754933,8.38637661812,98.0229797072,1.0
1.00778697403,10.2587191107,99.7112473262,1.0
1.95192715772,10.4468625223,103.547941301,0.0
1.26752130465,10.348668222,98.7195187032,0.0
1.56617133192,10.4266945369,99.1144756202,1.0
1.30100242459,10.7335469296,100.967134449,0.0
-0.387475871584,8.47900954917,98.5528622317,1.0
2.13527510754,10.3618507524,100.808596181,0.0
0.540227166576,9.39083292846,97.6675905821,0.0
-1.12033181296,10.5617638087,96.4552396125,0.0
-0.107307791646,10.6761353371,98.9839638079,0.0
-0.621467893834,8.43282161774,99.3111240047,1.0
0.37426956829,9.06560603498,102.275037047,0.0
0.451093050134,10.0608279342,99.4572740352,1.0
0.568656959903,9.68650336956,100.142491359,0.0
2.19768083349,10.4471867167,100.046361222,0.0
2.05926094807,9.6935037891,98.3674692675,1.0
1.8568526731,8.21653781719,98.6710676385,1.0
0.780293514761,9.3712162247,97.3288433046,0.0
1.51668641684,9.51502854828,99.7162656319,1.0
0.932938311081,9.48641946115,99.3123065603,0.0
1.26230911523,9.61120264162,100.534011242,0.0
0.748204764617,11.1570130275,99.9514683118,0.0
2.29675017552,10.221316294,99.10515658,1.0
1.56536134567,8.8951077166,98.1594533067,0.0
1.513452339,9.128318533,99.9470209744,1.0
0.212809137003,7.57161389325,97.6179152121,0.0
1.6492263484,8.74783953378,98.5721663558,1.0
-0.341439866825,8.22400863664,96.5989144778,0.0
1.05932106242,12.4427533724,103.737714045,0.0
0.901826549709,9.47695393611,107.229632824,0.0
0.540024587645,9.64316878224,105.169041951,0.0
1.01060098354,6.95040423701,97.950184649,1.0
1.44961783029,9.6546643144,100.270984305,1.0
0.938193931852,9.43592920845,100.196106375,1.0
0.511932304102,11.4239168853,98.5835102325,0.0
-0.353786965256,8.86146762369,98.4870293129,1.0
1.84007326916,11.5576147344,100.317470237,1.0
2.69245545448,10.3114631005,100.285058139,1.0
-1.46077536479,9.3803039855,98.361932242,1.0
-0.560406586984,10.05714991,97.251305643,0.0
0.989551989212,10.2724550952,99.8094576291,0.0
1.89471553487,11.4976681283,104.050890865,0.0
1.21359542159,8.46513832922,99.9882575506,0.0
2.15097374505,10.8293120973,99.9801410259,1.0
-0.239427424978,10.4381927074,96.0040237399,0.0
0.0396064168876,10.2541439119,96.2891798478,0.0
1.31582466615,10.5766261507,104.159768734,0.0
2.25452930216,10.4846479733,103.178369364,0.0
1.46524470265,8.28986953731,102.365568404,0.0
2.00498248544,9.14361039838,100.693974427,1.0
2.25940324139,9.54838734611,102.66547223,0.0
2.5023514484,9.99900296008,101.175946984,0.0
1.2353783622,10.430353241,99.5101728214,0.0
0.920741075389,9.09184997697,98.7072019393,1.0
-0.360847838405,10.4212887096,98.1283407836,1.0
0.493900060071,7.28992428863,99.2308672056,1.0
1.94839155278,11.4644752981,100.249715211,0.0
-0.500869987677,7.92914594575,100.951194297,0.0
-0.484339034075,9.18677105406,99.1911371225,1.0
2.03585775933,10.5290125128,102.638592404,0.0
-0.557060583674,9.13427840577,98.8416988825,0.0
0.616331335464,9.90284525392,102.475150057,0.0
2.0388963397,10.1462407106,98.8150336559,1.0
1.03311082626,9.12728791071,99.3980767248,1.0
0.0769112459298,8.6832415616,99.2548467387,0.0
0.474153749129,6.77901770024,98.5970395337,1.0
1.21826723704,8.85776608277,99.0101978362,1.0
-0.243949649066,9.77708734857,99.7906162615,1.0
1.32028932858,11.0459374104,99.9915650434,0.0
0.738302246445,9.47420402161,100.141743146,0.0
0.658837493833,8.75290239526,99.3340547718,1.0
-0.254258430523,9.1780046799,99.4177664751,1.0
0.93254604122,9.66264250976,99.3541287386,0.0
0.589815376946,12.6043389674,97.4188873041,0.0
0.137513965852,11.0391493441,99.2751656649,0.0
1.27864143254,9.08469036015,99.2707521901,1.0
2.96403181756,10.4593308313,101.656347048,0.0
1.45055075722,11.0811551144,98.697857401,1.0
1.81388918069,9.48038280167,99.4793337929,0.0
-0.758340920684,9.65703989892,97.8985693126,1.0
0.526036118631,10.3497361088,97.1107644671,0.0
1.52242631475,11.1006600819,97.7989791823,0.0
1.54497433734,10.0708921905,100.974431169,0.0
-2.05195763449,8.25387666861,98.3049561385,0.0
1.01030460073,9.63500623291,98.7308758126,1.0
0.245179663356,8.10069407894,98.9286945572,1.0
1.87744392114,9.60208602629,99.3160298218,1.0
0.44077821865,8.67408016086,98.517157117,1.0
-0.35717031482,8.78635595828,102.164167586,0.0
0.212212956066,9.03527061233,99.8452344503,1.0
-1.67136621595,7.54533848172,97.8325315417,0.0
3.42968217594,10.3514988484,103.899790711,0.0
-2.8022419882,7.01523760003,97.628527861,1.0
2.52033037126,11.8662858699,103.747355124,0.0
2.4030373896,8.35507686147,100.006904351,1.0
2.37318498709,9.09297370808,101.286893744,0.0
1.77392087045,10.148605501,98.3095398975,1.0
1.23482619207,11.4749674378,98.7569259462,0.0
0.485833878626,9.6539398144,99.0570500198,1.0
-0.00410100016019,8.9044106529,98.6899187798,1.0
2.29160705968,7.03495038252,98.222277572,1.0
-0.61405821231,8.26088847772,99.4259471765,1.0
0.515249775953,11.1882580831,100.471378177,0.0
1.03276762699,8.81501741198,97.9840191082,0.0
1.65560010285,11.8943830238,100.572954928,0.0
0.775061383151,8.81523633033,97.9664571887,0.0
0.408364877642,11.0354529103,97.4464390299,0.0
1.44416614494,11.470600843,102.99817342,0.0
2.40827867266,9.56327591724,99.874213316,1.0
0.293235314279,8.32517526379,99.8955027479,0.0
1.45185731426,9.66478104392,101.301336104,0.0
2.34285517624,8.46439489115,99.8578245864,1.0
2.08760349745,10.4929301317,100.236637605,1.0
1.8887388686,9.19639421797,102.062493815,0.0
1.94046558571,10.0421853761,99.750750275,1.0
0.977959424981,10.1617497623,99.6938991536,0.0
0.0713667738653,8.9989514699,99.3529716927,1.0
-1.21477231785,9.14274712438,96.6603004145,0.0
-0.473867464296,7.01753163435,97.9723661542,1.0
0.902191405084,10.427777365,99.5146298781,1.0
0.88165854494,8.89023068647,100.696690899,0.0
1.47463250168,11.5523666413,99.0196222433,0.0
2.03822413465,10.4692641106,100.976556414,0.0
1.45345565942,9.37672657423,98.2564533107,1.0
2.30323582265,10.1513591322,100.707065965,0.0
-0.762912403568,9.83732553259,98.0156854573,1.0
0.712256731709,8.77990273921,98.4668186606,0.0
-0.0479351289408,8.56494393844,97.6276166319,1.0
1.17516755388,10.846435233,99.36681597,0.0
3.77151216866,10.2437750488,99.8093209125,1.0
-0.535936265182,10.4218722205,99.0821781237,0.0
-1.16561890165,7.73611252553,99.0951491796,1.0
0.885856491864,9.80502541735,99.1229808494,1.0
-0.74680067123,8.06984936941,97.7306581427,1.0
0.427091830376,9.00388504964,99.1710948732,0.0
0.29803216114,11.3318809824,98.9148680458,0.0
2.06993606738,9.36531956401,98.4782667628,1.0
1.74467339576,9.46629210114,98.9558244432,1.0
2.19411096075,8.70421998292,96.7090115334,1.0
1.15036693955,9.97673094908,97.6506230582,0.0
1.5420975975,6.88128480425,98.0513532525,1.0
1.25453872794,9.00106157706,98.9374452159,0.0
0.0279205302224,13.4100699375,98.7932832439,0.0
-0.358226731549,6.94055465833,99.8013165235,0.0
1.49319577422,8.75120318885,101.51980891,0.0
1.99851415362,11.4144533344,100.354531004,0.0
-0.174687979195,8.15172416686,100.974842775,0.0
1.7566620447,9.98285273843,99.1593749899,1.0
0.822839817364,10.2264194837,98.5146402511,0.0
2.67678317032,8.60940757475,100.376476211,1.0
0.485784183306,9.0414231729,99.5053029653,0.0
0.415270964494,9.60691288176,99.0446398602,1.0
1.11484933231,9.64614542065,101.362728887,0.0
1.40086595549,9.1264394322,99.8334833872,0.0
1.76518096258,8.61354474137,97.7618127535,1.0
-0.32877169004,7.76449769024,98.7608946749,1.0
3.03887595521,9.83572411881,99.6138183162,1.0
1.16120175131,11.0427697171,97.7800004328,0.0
1.27063029702,9.00122891469,102.577141406,0.0
0.482059146939,10.0201491332,99.4302679506,1.0
-0.252056879796,8.35700480434,98.2276118946,1.0
-0.0109960270189,10.186034962,99.4127478438,0.0
0.678764678055,8.75336279558,101.89728082,0.0
0.675379482558,11.2465581398,97.5908628598,0.0
-1.34057433602,7.84593786755,97.4165703763,1.0
1.79515815046,9.68114190808,101.33481053,0.0
1.16427422377,9.50416475067,98.9114521081,1.0
1.1731673505,9.23820322722,99.8825404126,1.0
0.54930952981,9.20062863867,98.2490540966,0.0
0.709536481941,8.80364489259,99.3153879896,1.0
1.60013481866,8.95968570029,98.2638262828,1.0
2.92446140913,8.07137534446,98.8343274886,1.0
1.25020645339,10.2753856652,101.912680306,0.0
0.951142168161,8.52141988121,101.084626467,0.0
1.5341555908,9.67580112712,98.1258403055,1.0
0.374697062135,10.0131569566,99.5501068121,1.0
0.721797510021,9.00555611766,100.347336244,0.0
2.17955207767,10.2868669476,99.2508808467,1.0
0.556951156212,9.80228779636,97.7576157364,0.0
0.592806416627,8.92334722398,98.8030305895,1.0
1.82049755063,8.6797984237,98.4221042223,1.0
0.528252027088,9.68950875224,100.701947718,0.0
0.487934212812,11.7129447592,97.2161881094,0.0
1.77982168488,11.9225843975,99.9478475698,1.0
2.95761013941,9.14608091447,99.3844033215,1.0
1.42820521063,12.3305554892,98.2531957441,0.0
1.82052537619,10.1101772032,96.8715607905,0.0
1.04002824167,8.5866765498,99.0139150946,1.0
-0.367674130276,9.04440205635,98.9526691727,1.0
-1.38746540685,7.59157513942,98.8938350301,1.0
0.813725982861,9.29604257855,97.9423000855,0.0
1.19412017665,11.2132884325,99.1462604118,1.0
-0.376905481067,9.52979851355,99.5397907408,1.0
0.619983621967,8.91358160657,99.5801128182,1.0
2.53844512167,9.88358413542,105.637014052,0.0
-0.0409863098784,10.80613937,99.284386299,1.0
1.28487498221,9.35458773745,99.7061275916,1.0
0.458341603021,11.3368117174,99.7665270122,1.0
0.639303259485,9.26183042211,99.9327507413,1.0
1.7819790112,8.70367657589,101.827405721,0.0
0.69863470451,11.4748657676,99.3527847246,0.0
1.20609493935,9.32179014414,101.854763602,0.0
2.42691816023,8.89407095687,99.2714202678,1.0
-0.377924855192,9.30540122327,94.9950417636,0.0
0.117317588801,9.89712478273,98.2118310141,0.0
0.365549966455,10.4002116714,99.4067418446,0.0
0.913144583558,9.8347941293,99.5853826926,0.0
-1.50650633052,9.26756759275,99.7301933185,1.0
0.807141249328,9.6011570618,99.3595059699,1.0
1.23472730551,9.80985432817,99.0410737879,1.0
0.512969298543,6.97466716744,97.7223453161,1.0
1.10783430663,11.0677801126,101.070167593,0.0
0.838976120984,10.340423015,103.263350623,0.0
1.29575690673,6.86645826497,96.7731521392,1.0
1.35685173259,9.52366425029,98.1848175594,1.0
1.93683097705,10.0363811441,99.3441291515,0.0
0.722397337087,9.00353259372,100.629660628,1.0
1.09219501949,12.1288630821,96.8470468651,0.0
1.67536565682,11.3704668418,101.083240883,0.0
0.690675034426,11.1639190862,96.7802212999,0.0
0.423658157597,7.86542594036,98.5017794816,1.0
-0.490463170452,8.32468508849,99.1993761431,1.0
1.96060266442,11.7018672364,102.046047062,0.0
1.92345986978,8.06568572935,99.4829861664,1.0
0.66284297942,7.50367373611,99.1000722397,1.0
0.870098026214,8.9030818192,99.4429248835,1.0
-0.443873477955,8.58978388108,98.6019315467,0.0
3.05355435166,12.2829112428,103.954678649,0.0
0.292088020764,10.045996734,98.8501925975,0.0
-0.163327164762,7.91330209825,97.9871939662,0.0
1.36947091344,10.017155614,100.655290644,0.0
-1.03427048005,8.99434812434,98.3140017265,1.0
2.86998727536,8.49277507584,99.470779317,1.0
0.876947100237,8.44854937238,99.2265152686,1.0
1.89982004353,11.8764968278,102.311891309,0.0
2.91254002444,9.73073509142,100.866689999,1.0
0.568187930496,8.35545829606,98.4828099567,1.0
1.83553677457,10.9282176007,101.020007189,1.0
0.694713352545,8.90114131353,98.1374158043,1.0
-0.0716678250196,7.98511979897,98.490182476,1.0
-0.0398750659997,8.97532930292,99.2460807958,1.0
2.82201956488,11.1334224388,99.8786000099,0.0
1.40794716562,8.07413335591,101.571252354,0.0
1.30720206296,10.3664988638,98.4277562752,0.0
0.148997046129,8.96306382114,96.4845660913,0.0
0.164613526841,9.90400490637,98.8187460607,0.0
1.16876312652,11.7201589472,99.485506018,0.0
1.44865564322,10.7492020604,103.189130905,0.0
-0.643874556955,10.52698297,98.9742654933,1.0
2.31012598586,9.08112235389,99.5908016455,1.0
1.43255443821,9.87753950281,100.153624899,1.0
1.32389284042,8.77677822653,99.7079262746,0.0
-0.27231673233,7.3451711263,98.2839286766,1.0
2.06502104627,10.8026513332,98.1120703234,0.0
-0.225714162377,7.87454674344,97.9095257749,1.0
1.78793920006,9.89745110605,99.3000743596,1.0
0.580888496171,8.81701807267,101.310380505,0.0
0.840845348153,9.59710250951,100.481815992,0.0
1.55940979032,8.1290190081,100.758518531,0.0
1.88624925737,10.9953611557,100.127627968,0.0
0.489087955163,9.12107510073,100.550407167,0.0
0.886711600662,9.73213962334,95.7890865324,0.0
0.650572729442,7.80920959134,97.8920329774,1.0
0.0883288847222,9.30468984438,100.424282687,0.0
2.52205640087,13.4624185352,99.8570021646,0.0
1.41913367443,8.81688809617,95.8797376532,0.0
2.52955000566,10.2723032054,102.382399928,0.0
0.236828287429,9.41440234039,99.1862062867,0.0
1.64197532701,7.74558009871,98.9167271005,1.0
1.27307708736,10.0962372007,103.794803191,0.0
1.49780293114,10.7732367288,102.436517715,0.0
2.00115711842,9.32808516481,99.8004968309,0.0
-0.197789307695,10.120821877,98.5929417284,0.0
2.54757126544,9.28420506609,97.6013000252,0.0
0.40613602042,8.31903842015,99.0448940939,0.0
0.822836232799,9.45496112748,98.6328430929,1.0
2.43728604392,10.0270326468,100.352509806,0.0
2.37687307016,8.11618688969,97.7087997833,1.0
0.327307624757,10.1319326511,99.4738271588,1.0
1.98213306247,10.5675802223,99.9923420423,0.0
0.783449614841,7.73200801256,99.1733760755,1.0
0.03343761896,8.33968428097,99.8889951421,0.0
1.04027962711,9.78681148437,98.2559504157,0.0
1.91298089409,8.8197514384,97.7785468392,1.0
0.714896606156,6.99552111828,97.1945771366,1.0
1.23573693707,12.0784628893,100.974231161,0.0
2.23942061206,11.1365010086,102.364952715,0.0
0.704345655706,11.1295255586,100.462573141,0.0
0.0663342334362,9.90632544154,96.9619738403,0.0
0.521835234635,8.79191167379,99.6526822809,0.0
1.88824091772,10.4443547899,104.154181889,0.0
-0.939857784375,7.22421047354,98.6153751614,1.0
3.27002220043,11.1896196417,99.8960020413,0.0
-0.380952907662,9.99391334069,100.364413272,0.0
-0.166441943487,11.552492572,99.5441412393,0.0
0.0971423376333,10.9058817811,100.816637301,0.0
1.30550169014,10.1408372595,101.751888953,0.0
1.39045827279,8.52334646546,99.5269110048,1.0
1.92287236614,9.62105774558,99.2401303888,1.0
1.87167168169,12.3699645633,100.659413468,0.0
1.70472552871,8.71677322404,100.042873529,1.0
1.24473347933,7.24387873018,98.1612434375,1.0
1.60607393357,9.85028549149,101.971849854,0.0
1.33538549572,7.46036712271,100.701643434,1.0
1.1756650873,10.119187594,99.3466483628,0.0
0.641063286345,9.74935398531,98.0121006452,1.0
0.0990254239778,10.3398446749,99.4767745637,1.0
1.46219811385,9.68662107521,98.5959175123,1.0
-1.20980099212,8.88019295035,98.8254993423,1.0
1.88912257677,7.84693483461,99.7239231361,1.0
0.797970516366,9.00778450057,98.9024194568,1.0
-1.26096419246,9.96629720553,97.026116767,0.0
1.46688636709,9.70482875875,100.869540113,0.0
1.32069892349,9.19328861032,100.846552327,0.0
-0.150863244405,7.69259964107,99.9135935558,1.0
1.60958130698,9.34604150368,98.4702923694,1.0
0.930232080666,9.90533756121,94.6146249916,0.0
0.966976884018,8.03060856464,98.373688752,1.0
0.916955648019,8.50577492828,98.6742974685,1.0
0.451293660569,9.13423527682,97.5497131815,0.0
1.20331241474,10.0568439427,98.7218385913,0.0
2.10560726399,9.84814906188,100.000772115,1.0
-2.66808489953,7.40057228749,97.3292862501,1.0
1.17950561729,7.02293897396,98.7857714693,1.0
0.963744249164,10.6291335973,99.55897995,0.0
-0.76058542744,8.93714947458,97.4332977126,0.0
0.589043523319,8.11564873552,98.4952764698,1.0
0.780942555457,11.0367423596,99.5272947616,0.0
1.92937672363,11.5010139281,102.95096983,0.0
0.935756883395,10.8061636901,99.1779138097,1.0
0.725349575442,9.02744408336,98.8039889162,0.0
1.76581346232,9.72535400148,101.556205599,0.0
1.11563357938,8.84378869727,99.6820672778,0.0
0.29928502007,9.68218185259,100.166892025,0.0
1.01353003675,7.37568802725,100.040663646,1.0
-0.903216455641,9.13665470763,97.5792348121,0.0
-0.00697499732076,7.52823382975,97.910377023,1.0
-0.75020660468,6.41832582751,97.4686212083,1.0
0.121495470973,8.53008539768,98.2924337952,1.0
1.52202258937,10.7331715656,100.82576687,0.0
0.0347852919299,10.4986576653,99.0809749897,1.0
-0.231921054221,7.33110872664,98.3696490101,1.0
2.96118599556,8.78497717461,99.5997806614,1.0
0.667402002544,9.59206043311,100.093570736,0.0
-0.68633830029,8.19919295126,96.7771530368,0.0
0.642124160353,8.69655473138,99.9647848416,0.0
1.47746613541,11.8829939811,98.9774064735,0.0
1.23124205314,8.86784627466,98.4701733789,0.0
1.04563716051,8.55941694164,98.1268842204,1.0
2.32766617239,9.73934839899,99.453698385,1.0
1.59852649074,10.1496832224,101.041591102,0.0
2.28499543512,10.7872407786,99.8516715398,1.0
0.433796722539,9.59801562821,99.8091669999,0.0
1.44400375909,9.6968627395,100.9645823,0.0
1.63830268406,8.36538248244,101.817709677,0.0
0.445452019182,8.17704731737,97.7609287841,1.0
-1.04960051541,11.0153693712,95.9371776909,0.0
-0.307230723124,9.07494202886,98.2691863149,1.0
-0.285019858646,10.1539207114,95.8637448791,0.0
1.41667571739,7.50718530481,97.2504772956,1.0
0.308470263357,7.66935003382,99.2277673466,1.0
1.52273758765,9.07573700376,97.2965565375,1.0
1.29309557459,8.37325623713,99.8825216131,1.0
-1.29400779065,7.92040445486,98.8249819731,1.0
1.35891919527,10.1051908006,99.7200970586,1.0
0.418594653688,9.10177266655,98.6658687253,1.0
1.47427342711,10.6893792648,98.0571079673,0.0
1.70139359929,8.6713563231,99.6990923705,1.0
0.574739517721,11.4594126024,98.5583803514,0.0
1.2895823346,9.89461927383,100.858759411,0.0
0.211658466366,6.64704139293,97.3772258784,1.0
-0.835408414436,8.39361013607,96.2122557329,0.0
0.193870865738,8.2216410342,103.139892761,0.0
1.83387203349,10.4565956484,98.7430706217,0.0
1.12204780027,9.52026365466,100.142815653,0.0
0.18988985259,9.89822989333,99.5573337461,1.0
0.737338574858,8.55637348121,98.8246551278,1.0
0.691764115741,10.7575588691,100.056982757,0.0
1.77014851767,9.74924748504,99.7470501428,1.0
2.41547755442,9.57921602299,98.641604128,1.0
1.59139364525,10.6723039233,99.6980175839,0.0
0.148722566895,9.19169065263,98.6453646542,1.0
1.46413369301,11.2779956674,100.454389023,0.0
0.607294527132,9.17088756866,97.3042117993,0.0
0.103279872509,8.43522943196,100.948231092,0.0
0.106619248205,9.23147513142,99.4501271691,1.0
0.572125989713,11.75772196,100.767885043,0.0
-1.3064809975,10.2663399515,96.2629959248,0.0
-1.20834897562,9.21656785823,97.9840626949,1.0
1.8488428599,10.8115958575,99.9133022756,0.0
0.149691328057,8.53599044698,98.6173091699,0.0
1.80080175178,8.23516614682,101.553773114,0.0
-0.491821494841,8.85828591552,97.3502169868,1.0
1.29684914661,10.4539321896,99.3993912355,0.0
1.16470956947,11.135974097,101.386190261,0.0
1.57196713949,8.96195410974,98.0181609957,0.0
0.445195389157,9.51698814072,99.8186017701,1.0
-0.00465492717464,8.68419724604,98.3010915729,1.0
0.0329585918283,9.88198889192,97.641213997,0.0
1.79618506874,9.16041816629,100.110209188,1.0
1.16067466944,9.20465861529,99.4814672186,0.0
1.10514578284,10.0147045147,99.4139486939,1.0
0.601211556471,10.6620762074,100.412197318,0.0
0.500708446497,9.91687378138,100.965724753,0.0
0.0504020454818,10.4016530082,99.6050363796,0.0
0.975550578005,10.4656928265,96.150965057,0.0
0.566665600867,8.89267527261,99.4989959882,1.0
1.41781074205,9.87279407924,99.686623954,0.0
0.242281106504,8.85911008344,98.7608450237,1.0
1.24002049214,11.1724417816,95.9811849367,0.0
0.138893514606,6.32211605735,100.631983438,0.0
2.21162546283,11.402852687,98.7163514372,0.0
-0.265948467106,9.77000222972,99.2011867588,0.0
2.93269147092,9.61477852455,103.349297118,0.0
1.84325931777,9.47828321591,99.0878935865,1.0
0.723311447366,8.31500011736,99.3189700808,1.0
0.526902094853,8.04045521318,97.1507033966,1.0
0.384460253089,8.00958089284,98.3208350135,1.0
0.672484426307,8.11535941547,98.2618958455,1.0
1.6639980227,10.507831407,99.7652949097,1.0
1.3780287553,8.61586240582,98.4160276746,1.0
1.24491809036,10.8375039016,100.830881645,1.0
1.49722229554,10.5187765537,99.4980898743,1.0
2.06362692139,10.8783500903,97.9456152567,0.0
2.65928493502,9.06923856834,100.44204878,1.0
2.55478848346,9.80826906257,101.77456331,1.0
0.688187826085,10.1904505602,101.95098433,0.0
-1.11463107795,9.02485191118,98.6850412725,1.0
1.31965332842,11.5351151238,99.5936057007,0.0
0.822389243931,11.567933842,98.3169298044,0.0
-0.958287582178,10.0538780696,96.5887452724,0.0
0.875584044379,9.77434229773,103.209138235,0.0
-0.31800846274,10.0960059072,99.0302330361,1.0
1.50735696092,10.3946839871,102.958569562,0.0
2.18544749317,10.0675700112,99.8076183916,1.0
-0.474969389619,8.01711596213,98.52024132,0.0
1.27439695396,9.82997414782,101.613680529,0.0
-0.377014926854,10.2599733737,98.762933787,0.0
0.232423777198,7.94962449561,97.607269635,1.0
1.89893832808,9.85251682326,102.658547791,0.0
0.986025119711,8.95055488,99.5520858601,1.0
0.418475453317,9.03070846025,98.7496607246,1.0
1.36140634437,9.6648363155,99.0009196701,1.0
1.15145614064,7.84703636746,98.6503357183,1.0
0.488766306224,6.9789806141,100.412698318,1.0
-0.110397734931,9.32086508429,99.9065791536,0.0
1.52938917351,9.98322971985,99.5538958784,0.0
2.78158510046,10.180393683,100.87901783,0.0
1.08507593638,8.56494507769,101.428155519,0.0
1.49544596349,9.42888833313,99.4109174443,0.0
1.39428622474,10.3067466147,102.090361632,0.0
0.952780472502,11.0519063649,102.258530392,0.0
-1.32731148672,7.28834709534,96.3900864785,1.0
-0.467210789266,7.76633676393,97.6780240814,1.0
1.84821707598,11.3000515812,100.163500524,0.0
1.54374064195,7.35969869159,98.0552418513,1.0
-0.0591694780468,9.58205172001,98.7999084563,1.0
1.15900549419,8.57726012914,98.9740781106,1.0
1.18279135483,8.38684911934,99.7911686014,1.0
0.872159762765,10.7064499486,102.570492995,0.0
3.38461728156,10.9449322055,101.723503879,0.0
0.328670864818,7.99285247422,97.7818765334,1.0
-2.64541116584,9.63932771473,93.3768611845,0.0
2.4260799514,11.0575219718,100.223114864,1.0
2.67215443415,10.5930387619,102.22151317,0.0
1.01781180108,11.047054875,100.555325059,0.0
1.10340285329,11.3832628062,102.560764309,0.0
-0.524692437145,8.14545256218,98.742321011,1.0
1.07965723508,9.37039483713,99.2618517783,0.0
0.808087503879,8.94621579904,97.8828971895,1.0
-0.033866330975,9.15313647621,97.6207053083,0.0
0.591160048279,9.63933690541,98.9787709013,1.0
0.843941328517,9.07571509424,99.8201560519,0.0
1.2316049563,7.57952882197,97.0328044162,1.0
0.370182236463,8.83350752377,99.750042596,1.0
0.316685941146,11.2294901254,98.7584137629,1.0
0.848591682267,9.62828867879,97.5443468351,1.0
0.320048831315,9.56551464356,97.7991714873,1.0
2.2328704505,9.72892455885,100.660038153,1.0
0.964435620639,8.46431912617,96.8782536671,1.0
0.035608268331,8.93064083203,98.7926934222,0.0
-0.497146722309,7.61420968886,99.4424882321,0.0
0.719492833944,6.09813879447,98.5409270687,1.0
2.41446930916,12.0018480523,101.86500182,0.0
0.833288821015,10.683799301,101.962982275,0.0
-1.03663946508,8.53993545104,98.6627895923,1.0
2.01984716058,8.89924524909,99.3769154411,1.0
-0.440127513888,9.99555983307,99.1306936632,1.0
0.244011192926,8.74179183402,99.4598010406,0.0
0.766690050453,10.9485863315,98.9311446806,0.0
0.676714809242,9.78942745361,102.567711443,0.0
1.31331177036,11.2401956926,95.8245644223,0.0
1.81476157998,11.2016429417,102.743033299,0.0
1.26028809447,10.867404487,100.378391014,0.0
0.686548587379,9.53593125761,99.1414915857,0.0
1.4605314223,9.88764581501,101.676372405,0.0
1.3077092699,9.26581117569,100.110436248,1.0
0.676879544267,7.66161225498,99.7146894399,1.0
1.27986028168,8.64535961764,99.6018302699,0.0
0.834933071965,8.95741248031,98.8514742548,1.0
-0.625968987097,8.50288410167,98.8482324154,1.0
-0.547907645847,8.71746409663,99.2349441552,0.0
1.60916076362,11.2107486861,99.1331724288,0.0
0.928611572871,9.69791893137,101.017936449,0.0
1.10376661438,10.1009721728,99.7292836698,0.0
0.640548746561,8.87352393104,97.2282749892,1.0
1.99130549223,8.62771388538,100.083717505,1.0
0.814043697915,9.31620218421,103.164689031,0.0
1.89685651837,8.92044104928,98.7047387501,1.0
2.04777848382,7.83679334746,99.4130879261,1.0
2.02760293803,10.6468094081,103.864818865,0.0
0.292252438613,9.08168207402,100.130539009,0.0
-1.05561869096,7.8016612903,98.0604433583,1.0
-1.17478584254,9.23980527317,98.1232391177,1.0
2.69258522128,10.9446121953,104.822078098,0.0
