1.08967488377,8.14584030589,100.239156514,0.0
-0.668921462992,9.20560892301,99.2044630921,0.0
1.57635000402,8.65668264284,98.5954492299,1.0
2.14075162698,8.5655053375,98.5284814008,1.0
-0.0162083374715,7.70035008035,100.531408143,0.0
1.78841882905,9.1053688529,98.7892314274,1.0
0.305731024773,9.43497187373,101.667344707,0.0
2.2576179139,8.19433415307,98.9495439329,1.0
2.42838815479,10.9105318337,99.4393488573,0.0
0.896034285223,10.1497284166,98.2444989154,0.0
0.445739847919,9.22670622852,100.982375165,0.0
0.65991148832,11.1987687951,98.7857496998,0.0
-0.164460207078,8.58007925455,98.6188792744,1.0
2.61845887277,10.0411843209,100.03448182,0.0
1.45100302251,8.55342887262,99.0038163785,1.0
0.271556711505,7.82388380447,97.406449594,1.0
0.781121801336,10.6149259247,103.576200722,0.0
1.10260005591,9.9156141524,98.4485490909,0.0
1.44390632626,8.97196495481,98.7389847452,1.0
1.78871644065,10.6063184147,104.53218343,0.0
1.22125537605,9.26727281573,100.569524693,1.0
1.74437085885,9.68783104629,100.592230526,0.0
0.422003555994,10.0122545829,98.6563047953,1.0
1.30422087432,9.06672078103,98.6627294072,1.0
1.07922671505,9.23706868369,100.800214475,0.0
-1.30879882824,7.65272509356,95.886221752,0.0
2.75683943243,11.3280452227,100.386333048,1.0
1.29262544839,9.2445797971,99.9533047333,1.0
-0.222956573026,8.69641229156,99.0596707894,1.0
0.259817453606,9.37878679716,98.3920416118,1.0
0.37721683031,8.68041774366,99.5899041436,1.0
1.01518771184,10.258395342,99.8733970581,0.0
-0.570152300427,7.55855821791,96.9840945607,1.0
-0.377656151998,8.53818545,98.0201581886,1.0
1.88618161372,8.43571775724,99.0411689849,1.0
0.569098031234,6.62620724899,99.3131969432,1.0
0.885556403271,9.41892204279,99.1240051215,0.0
-2.14591718768,7.86026011194,99.1742564308,0.0
0.77896222315,10.7658603992,96.9805085957,0.0
0.547839266421,8.54899703932,97.6233784321,1.0
3.66481595522,9.00462383179,99.3737475639,1.0
1.15370435812,9.22593891844,98.6100755172,0.0
2.26728118261,10.0581162347,100.952709448,0.0
2.49658113363,8.10107660206,99.2629373681,1.0
0.877856704069,10.4449347522,97.940594393,0.0
2.55880290191,9.82060849997,99.4575018396,1.0
1.8687984454,9.19374078312,97.5434850377,1.0
1.82834792186,9.63018838091,103.540555367,0.0
2.64210453386,9.51255228982,99.3795880878,1.0
2.3678441407,10.7146454203,101.986485987,0.0
1.27259602878,9.39095345428,99.1518537887,1.0
-0.0209951353636,6.57087667345,96.5838576146,1.0
3.90014475687,10.0837725153,99.8561991303,1.0
1.50941980607,8.49657315283,99.2631384969,1.0
1.26150427168,11.1563899285,101.161200658,0.0
4.08948076646,10.3264422817,101.024791026,1.0
2.4194077849,9.66870387694,104.846227278,0.0
2.47523547174,9.08153626514,100.197714965,1.0
1.14272200939,9.77236407965,97.9870195369,0.0
0.908284528013,10.2308557176,100.063836454,1.0
0.406379685042,11.822815396,99.6144402195,0.0
1.20428352592,10.2211822555,98.1770388448,0.0
-0.368690992667,9.33508334036,100.333029578,0.0
0.0743887519965,8.84755717862,99.2412713736,1.0
1.64105187864,9.15708385059,103.429105784,0.0
0.978586885234,9.77740191533,98.4453930137,0.0
0.668059101745,8.62299530562,98.6781886005,0.0
2.78800295403,8.89672199635,99.7632889065,1.0
0.760001623587,7.80870472429,99.7742925094,0.0
2.31038954315,9.89398680171,102.336728438,0.0
0.119389674873,10.7451222649,99.554412044,0.0
0.025849121389,6.99527980291,99.2859997893,1.0
0.133573002029,9.42449247241,101.397933292,0.0
3.55527402321,8.85725513219,101.222170366,1.0
1.54809789189,12.0174346836,100.310226824,1.0
-0.35068687825,6.71096961492,98.5518117438,1.0
1.74634958351,9.05266548399,99.8443595683,0.0
-0.489661498767,8.6604781399,99.9727239819,0.0
0.326038572922,10.8136706827,100.391276273,1.0
2.59379683922,8.26245301451,98.8331555998,1.0
1.49589902065,9.28882270531,100.165636637,0.0
0.738836155425,8.27762122873,101.251533781,1.0
0.457201350494,8.19421514638,98.811829797,1.0
0.309906075115,10.0463892185,95.4796555537,0.0
1.33743914623,11.2995215615,97.1141555853,0.0
-0.0974199628696,9.36002122403,97.1710904069,0.0
1.01674752102,10.620858783,99.6093460963,0.0
0.95458101757,10.0481150887,99.5596404037,1.0
0.465698785606,8.96289023136,100.392048033,1.0
-0.963874090421,7.53404697262,98.9999884938,1.0
2.211091205,11.6112581489,101.591697337,0.0
0.451443416502,7.79032903952,98.4820647724,1.0
0.249430520825,6.66137781013,97.1128831346,1.0
1.83990232209,9.5876560975,99.4121466502,1.0
2.93897482342,9.49307148299,98.5717047061,1.0
-0.199180928586,9.10914103051,99.565421101,1.0
1.15970846865,11.2667094378,100.290857741,0.0
1.70730068753,9.14263616568,97.0664163741,0.0
1.9477704836,10.2865417202,101.695805031,0.0
0.442304751665,8.68745131384,99.1371706503,1.0
1.66306022593,10.24970246,104.448215298,0.0
-0.722486540283,10.849164812,100.182958796,0.0
-0.610440683277,9.38250172174,98.6213151205,0.0
0.715533961526,9.19690678417,100.154667694,0.0
3.69187454284,9.1418243852,100.219062561,1.0
1.30186495593,9.09512278706,100.937268669,0.0
1.4405716043,9.1947670505,99.6628243325,0.0
-0.0691546646734,9.25261034104,99.656790133,0.0
3.01021987848,8.07605085978,99.6881974181,1.0
0.403767445954,8.64277250921,99.0362191347,1.0
-0.504413349595,7.95115013436,98.1270251302,1.0
1.47909843337,11.0291723187,102.116403499,0.0
-0.0496015033549,8.58046396952,99.2046672187,0.0
1.13829179022,7.13538739362,99.2237148294,1.0
1.19428897273,12.0476669843,99.7222362539,0.0
0.038098258346,8.07772406397,99.1531042234,1.0
2.04020425099,10.3625118336,98.4279621526,1.0
0.56632160735,10.2125361002,102.640596494,0.0
2.26759302731,8.76961484517,98.348155765,1.0
-0.321981391831,8.85955168472,100.16985386,0.0
1.16590917238,8.41836253257,98.80900133,1.0
1.29225547627,9.45388988661,98.8856245567,1.0
-0.123445221441,7.62248235872,98.6903936737,0.0
-0.459931408854,7.84420199085,98.0278704776,1.0
0.140235099665,9.08845984551,99.267666833,0.0
-0.305757415096,9.37624736909,98.9850074901,1.0
1.52216598037,10.5256784775,99.518169359,1.0
1.07256008539,7.81997195876,101.857255046,0.0
1.3329323385,9.31672827287,100.830106705,0.0
1.31342662653,10.9796288973,96.2961971717,0.0
1.39490555095,9.87780515167,99.3201665797,1.0
0.991011723388,8.76676528396,102.271034825,0.0
0.206451585693,10.1037299694,99.2631530001,1.0
0.874904024776,8.25222346629,99.0588157931,1.0
1.79417462152,9.32059165933,100.166319533,1.0
2.12614369415,11.012934545,101.115037169,0.0
-0.232220022508,8.1998738977,98.3037791603,1.0
2.09949724115,9.10638739127,98.7042881102,1.0
1.70118524607,10.9496101468,98.7024490687,0.0
1.93542861133,9.73508712062,100.497352743,1.0
1.71977689543,10.0700807675,100.011107093,0.0
0.760004269284,9.25669920265,100.869599825,0.0
1.46669374073,9.94910161153,101.661628114,0.0
0.531644428951,10.4242634617,94.9893285223,0.0
0.533554335099,8.8535757274,99.0909735991,0.0
1.260087753,7.462820469,97.9274216945,1.0
1.27160890276,6.5943697664,97.6080619202,1.0
1.41949381717,8.27928582522,99.4297979182,1.0
2.15687682696,9.05442053779,98.6807675601,1.0
2.13828646924,9.36104583302,105.336719101,0.0
1.7198150469,8.65808561809,98.6298846948,1.0
-0.108460350785,8.42663135056,98.1360483001,1.0
0.41018698306,10.091374636,99.0299338071,1.0
-0.338360454419,10.0298837714,98.3046715834,1.0
-0.20479511706,7.76597038381,98.6881479439,0.0
0.411733607853,10.4000859911,96.9814974212,1.0
-0.715656614435,8.61733166001,98.3271444101,1.0
1.93162450616,8.71941866599,97.9131271992,1.0
0.226599573163,8.16313025973,98.3071962328,1.0
1.50773291488,8.52871965596,97.5086786229,1.0
0.757007623665,8.4103156371,97.7817906435,1.0
1.95256821994,13.1899265554,102.50659388,0.0
2.07748646763,8.36127085271,98.8208301946,1.0
2.25377106988,11.4433838286,102.569853734,0.0
0.905112852746,9.81151940783,101.626486744,0.0
2.92784020345,11.1621325868,102.102524437,0.0
-1.23621556528,9.6458732195,98.4498976498,1.0
2.10930742208,7.58549210228,99.1940722602,1.0
2.1285135008,10.2310666048,101.812626675,0.0
1.29969515724,9.24309250245,99.9091835874,1.0
-0.537996186358,8.7681756967,97.45693783,0.0
-1.61873627666,9.30092871915,97.4709402724,1.0
2.01496880882,8.63600666425,98.9526603239,1.0
1.27554909254,11.6517296243,97.6969590988,0.0
1.88664661397,10.0054874905,103.540919864,0.0
1.29059855407,11.2785519428,98.9048137018,0.0
1.06117670604,9.88857041215,99.9776619239,0.0
0.916667450376,9.61403032972,102.602601143,0.0
-1.50765314156,7.2783523186,96.5706582882,0.0
1.62214640566,11.2991124579,104.447791791,0.0
1.14946667824,8.55159630226,97.3725367172,1.0
0.906952380137,9.1434885006,98.8012661776,1.0
0.684472257915,8.42757353867,100.7907456,0.0
1.2371633634,9.62342807591,98.2684287625,1.0
2.08754896925,9.47724903115,100.205733403,1.0
1.26307305496,8.97774876234,98.2045135087,1.0
2.52315947205,11.6471094489,101.595144959,0.0
0.83863464685,10.318988699,97.6229361839,1.0
0.781485262355,10.1411287097,97.6129496299,0.0
-0.544377852884,10.6372501274,100.602499023,0.0
1.78368546515,6.38932972135,98.5153378206,1.0
1.91420911059,9.43060154971,101.875905323,0.0
0.780608690904,10.4403273557,99.9076194893,1.0
1.17003203908,10.5784447248,99.1124937544,0.0
-0.291899373062,10.3718915175,97.8676884933,0.0
0.985337301257,8.49038940699,99.8968615347,1.0
0.251440060507,8.44515053234,98.232102057,1.0
1.48072492805,8.70830788959,99.1589068235,1.0
-0.673431658661,9.54330513587,100.051725025,1.0
-1.19721044045,10.1337946314,97.2727078699,0.0
-0.245253048817,10.2680022397,97.1120727804,0.0
-0.306584755052,10.0992291767,99.7734814548,1.0
-1.13790338329,6.48220493378,97.6276894304,1.0
1.15753013513,9.642539474,98.6857164479,1.0
1.16127988941,8.95066539647,101.510997695,0.0
1.73984003845,8.75243362572,100.167343416,0.0
1.08596125694,11.3322043162,96.5721202666,0.0
-1.05297136135,6.30682670519,97.6981605179,1.0
1.40671847008,9.1751437252,100.513724179,0.0
0.834208140721,9.32064706661,99.8397982764,0.0
0.368166131091,10.0864059193,97.9030226713,0.0
0.177376402245,9.33127530116,99.0007659367,1.0
0.618239648329,9.6701177297,98.3496677076,0.0
1.73563906473,10.5067125962,98.9708490917,0.0
0.334970441633,10.479770639,97.2513437369,0.0
1.926886775,9.61697509743,101.228171381,0.0
1.28307985711,11.3870583339,98.4967555317,1.0
1.13013914393,11.330913242,98.6885824932,0.0
1.75073217552,10.5386947164,100.954002115,0.0
1.77097985832,9.07927571774,103.203968136,0.0
0.04583027089,9.85887863053,99.7956500494,1.0
2.25085840671,10.4037502688,99.3323348116,1.0
0.557481514917,7.42276108448,98.1867249424,1.0
0.359550432406,6.182201905,98.1239496098,1.0
0.86627554561,10.015701889,100.956204661,0.0
0.879622553599,9.71156624935,98.6070970132,1.0
0.475359234771,10.1579120559,98.1306000175,1.0
-0.281248244296,6.67364489454,98.1077482992,1.0
0.65565461293,8.92070100888,99.4152844804,0.0
-0.312921895024,8.59489304942,99.7387470695,1.0
2.59574948108,10.0905606876,99.9287563401,1.0
1.29328922862,9.4090337301,99.0989369959,1.0
0.575974797439,9.57448186921,100.317642688,1.0
1.67988253728,9.5915178087,102.977299706,0.0
0.534426442766,10.115451358,97.5341709172,1.0
3.08967157241,9.41564055554,99.4938855391,1.0
1.96011575033,11.0406797622,99.9882112209,1.0
0.449262061649,8.68159420861,101.61943247,1.0
1.68608923763,10.4254069444,104.110375899,0.0
0.862615075983,9.32631067174,95.2195254214,0.0
0.545157124622,9.06495494789,99.3197863203,1.0
1.42029514675,10.1737610803,100.222512428,1.0
-0.512129076502,10.3337520049,100.776411457,0.0
-0.0548127496142,11.2510439971,100.250047176,1.0
0.820471508527,9.29767952544,99.1637247734,0.0
0.847442044498,9.86808118759,101.398400669,0.0
-0.0460946166529,8.53909954905,98.9818535902,0.0
1.24278961017,8.38887879962,101.963743127,0.0
0.819894934692,10.2776267205,100.490053505,0.0
1.27913171232,9.70086936337,98.1748911565,1.0
0.989002818061,8.92477993528,98.8383289905,1.0
2.47729579028,7.75178537536,104.211360877,0.0
-1.18812787608,10.2945272177,98.887494496,1.0
2.13082698245,10.8063284409,98.9993707532,1.0
0.000303792229661,6.43365982864,98.7723740669,1.0
1.64018848768,8.70959482876,100.582185373,0.0
1.56783122566,11.2248324162,104.411004083,0.0
0.312105956062,9.15324618508,98.3379889883,1.0
1.10233775881,8.77975245423,99.9267285163,0.0
1.89630679428,9.89224273568,100.209512101,0.0
0.168113367377,7.62034741195,98.0937788763,1.0
-0.551777721194,9.65612654009,99.8805582775,0.0
1.54589634461,9.82322664212,97.6160707824,1.0
1.82159941586,9.38477658286,99.1954249831,0.0
1.7246810602,11.4573798112,97.6601529035,0.0
2.3418165979,8.91574010633,99.3698098774,1.0
-0.981904354718,10.1920867884,98.3790815315,1.0
-0.221399358683,9.40352751528,100.46302923,1.0
0.681099699737,8.05451944384,97.9375654671,1.0
0.831549485918,8.50967088678,99.0032443138,0.0
0.543524842657,10.2064116884,99.3515238525,0.0
2.29974241047,8.03562272571,98.5433602854,1.0
2.73101839229,9.51564544428,102.859325705,0.0
0.84254748294,9.41861120912,100.563992211,1.0
-0.831823026078,7.48910656515,98.4521352588,1.0
0.761342480836,10.8254525602,99.7818582985,0.0
-0.626996433372,10.0230866591,100.338084022,1.0
1.70736286504,9.00826394157,98.783231513,0.0
1.33155078359,11.2410647977,99.3839900848,0.0
1.27707197681,8.96153127825,99.0592128114,1.0
2.22480432957,11.0484771337,100.375759067,0.0
0.380525877116,7.33071003793,98.823214458,1.0
3.06634130025,9.32758513173,99.7685723534,1.0
-0.187063839076,9.04248986499,97.6993042757,0.0
0.73808202764,9.21287851751,95.4473948016,0.0
3.94034169454,11.7687416985,99.6081885464,1.0
-0.113422404414,10.0590549264,99.2481875423,0.0
0.868841693165,9.50868214343,99.1013182447,1.0
2.11871502418,10.3446768469,100.366964197,0.0
-0.118432962014,9.0327122725,98.0751530093,1.0
1.13923273719,7.71257479057,98.4477491727,1.0
1.3200371216,11.1666132784,97.9986726114,0.0
0.563327266278,9.58219960308,100.368592717,0.0
-0.026411903336,8.50901378518,99.0886476097,1.0
-0.156371215515,9.30839687681,97.5366439838,1.0
0.285152579013,10.8620167817,97.97622207,0.0
1.26168227837,10.6190362285,98.4280968596,1.0
1.73715142666,11.4939157058,99.784392753,0.0
1.75629920396,10.7410495924,99.2657096243,0.0
-0.615020614708,9.41339958052,100.502600387,0.0
0.321511753547,9.12676666356,98.9718216149,1.0
1.08621522962,9.32215914793,99.5448293969,0.0
2.59777144482,9.41298047373,100.897902931,1.0
-0.614217683931,9.19791205291,99.8292753305,0.0
2.06728207467,10.7978129481,100.755274104,0.0
1.48997488804,8.80086828449,101.145775057,0.0
1.24634357954,11.2771859333,98.8050599257,1.0
1.64167736462,10.2797601303,98.6800869209,0.0
-0.663739074165,9.07694438434,99.567133844,0.0
0.848593457022,7.25672096498,97.9024060894,1.0
-0.167733375034,8.73258695501,99.7269406964,1.0
0.336043878084,9.10317975886,97.8839230333,1.0
1.10828239898,11.3201412957,98.0604330026,0.0
1.88436861096,11.8273609021,102.847962621,0.0
-0.156204519278,7.66747096018,97.0969725723,1.0
1.28303228499,10.4301179747,97.8565750778,0.0
0.970777710181,8.9508423451,98.1049517298,1.0
0.519816222045,10.8180494871,99.0213489518,0.0
4.21145242129,9.82391206825,99.6773452856,1.0
1.01174217,10.340441777,99.5652305951,0.0
1.60254124225,10.7481490271,102.547393917,0.0
0.359969084027,8.69821147001,98.2612297978,1.0
2.09090233075,11.8694832808,99.5461388631,0.0
2.03285192671,11.3127025354,100.06340431,1.0
0.991947811716,9.63879203027,100.225626799,1.0
2.21865272598,10.7276672985,98.7292980619,1.0
-0.105267130611,9.97632357118,99.7206766183,1.0
-0.327623280171,8.84557922541,99.3599196569,1.0
0.411301248922,9.39184240762,99.1719378676,1.0
1.69864635307,7.5395957444,98.3461063731,1.0
1.46198929021,7.1402784113,98.4152274577,1.0
1.56398806236,11.1949772583,102.639503827,0.0
2.10020091915,11.0314192589,99.4533168919,0.0
1.45129930762,8.26715808889,101.639979342,0.0
1.91434233831,9.33928638521,99.4742860422,1.0
-0.61700497778,10.8952415949,97.2112811317,0.0
1.34764174431,11.16557794,97.9102357715,0.0
0.0656488876709,9.85629763934,99.7651859195,0.0
0.238359236421,8.54939993606,98.6478422499,1.0
1.16910146687,10.4297122203,102.440341956,0.0
0.0468324441864,9.41897582481,98.3494981939,1.0
1.18728524342,9.67462349765,99.6899505557,1.0
0.0621298992654,7.85717753072,98.8465391497,1.0
0.352974770367,10.1097072876,99.2921943173,1.0
0.631527078635,9.23138550113,96.9446205416,0.0
1.73248943524,10.644995634,99.534980626,0.0
-0.396890021277,9.28646711174,97.9104052788,0.0
0.619433704247,8.636038801,97.7977455045,0.0
1.67446687892,9.37132898424,99.3024829951,1.0
0.0700335032365,8.44869898887,98.0991993375,1.0
1.73367741038,8.59779476396,99.6000379858,1.0
-0.502162100386,9.6642964152,100.978208,0.0
1.34796204413,8.29465466108,101.856577771,0.0
2.30892127827,11.299408987,100.809766106,0.0
0.831880604527,9.87864513797,99.2599438193,1.0
1.67291697468,10.1654305141,97.7092299088,0.0
0.401076586731,10.4396095329,100.768598917,0.0
1.47566857647,7.57398678381,98.6914878111,1.0
0.70875869088,11.3182444623,99.3236782137,0.0
1.13649334147,7.48291223289,99.1083133487,1.0
1.63990070139,9.98693564451,101.954919759,0.0
0.840112317063,9.71736682673,98.0806731693,1.0
1.88121292942,9.69566322715,100.703650019,1.0
1.00520670931,9.19803529583,93.995182648,0.0
0.0526116307014,7.95885974504,100.006454037,0.0
1.1879550532,7.93619800623,97.7199097177,1.0
0.195603961727,8.56030556357,98.3866905264,1.0
3.5707070409,9.61754814878,99.2328124322,1.0
-0.18943034852,9.50587217625,98.5138344141,1.0
-1.52486329288,9.78567120224,99.6360396109,1.0
-1.17875540138,9.35159738098,99.4690825044,1.0
0.873190694,8.50528669074,98.1762170816,1.0
0.727154299994,8.2561964329,99.426606851,1.0
2.77487709658,11.4810598665,99.0273040078,0.0
1.25418913684,9.74237426048,98.8415088744,1.0
1.17660032451,7.08574470784,98.1174230332,1.0
-1.07603444683,7.88033046668,98.6958396926,1.0
1.81992655801,9.07697171919,98.8022830134,1.0
2.01353820135,10.3245953144,101.002056787,1.0
0.524440559792,8.31270855523,99.082740871,1.0
0.847272522055,8.59444246809,98.5818044661,1.0
-0.0344051146632,9.80887043865,100.029692885,0.0
2.34990456903,8.5916153194,100.612087916,1.0
1.63605460873,9.92832334267,98.7943550437,1.0
1.8577431672,8.35579805708,101.48843898,0.0
2.20972550162,10.2517404947,102.585849165,0.0
1.74398523554,9.56862538917,101.557853586,0.0
1.36950303796,7.05768521114,99.1822492502,1.0
-1.12068283728,8.75697117366,99.2109072298,0.0
1.02320162856,9.94362057823,100.817973415,0.0
2.22974618183,10.3092168969,102.037694245,0.0
1.02265766341,9.1902847343,99.7858674515,0.0
0.0753065033766,9.61796540674,97.2687544524,0.0
1.41911509201,9.34733903055,101.757783432,0.0
-0.469557002559,7.06373088519,98.5151882265,1.0
2.63551851993,9.61620755981,105.00324313,0.0
1.53550893502,10.2376420239,103.860807856,0.0
0.812744258377,6.49844440661,98.2235951796,1.0
1.36564207887,8.82097065546,102.708699603,0.0
1.61034547373,9.41759961134,101.34671216,0.0
0.346162785027,8.51395893359,98.5910136013,1.0
1.20637567415,9.33689956947,99.9558774162,1.0
0.958234384723,8.75752058609,101.826837906,0.0
-0.742898113958,7.02189888713,98.644350433,1.0
0.657190356939,8.45614208358,99.2558230888,1.0
1.81103229825,9.22691499767,98.0407843517,1.0
3.56892346733,10.9766983351,99.7967786327,1.0
0.833507438107,8.58637574916,99.020827341,1.0
-1.07133597368,10.0289568906,99.5251585079,1.0
0.398532329562,10.4052780935,97.9050051901,0.0
2.28957715124,10.5363169408,103.476593037,0.0
1.3973418391,10.0925460531,99.6904924998,0.0
-1.15567103766,8.98719121259,97.539575113,0.0
2.38356450009,11.3697444422,100.350275445,0.0
0.129813299075,8.75622851373,100.039876373,1.0
1.54956668263,8.71514570057,99.9807867645,0.0
1.34532891191,10.4479629884,98.3871678076,0.0
-0.508640085889,9.04554800102,99.3782341761,1.0
0.652609635608,9.3899393092,101.81375035,0.0
-0.155489697154,8.05995552111,99.630139377,1.0
2.20669375955,9.49979833712,101.187441989,0.0
-0.278540055516,9.81856610632,98.5387331781,1.0
1.04904918262,12.1333715324,98.6514501944,0.0
2.72510935365,8.72728728,99.4766232718,1.0
1.82618315512,6.42429856494,98.685061736,1.0
2.36020514887,10.8791397929,100.215807079,1.0
2.77341688164,9.60707530473,99.9664979237,1.0
2.44813060817,9.96724972602,99.9051329243,1.0
-0.696915065931,7.03321404255,98.4213393631,1.0
1.48992368603,7.04081208827,97.4406815416,1.0
2.28367261335,10.2956145239,99.4596975594,0.0
0.795199969361,9.25227462262,99.4425416079,0.0
-0.244093539079,8.79780490447,98.1865684075,1.0
3.08586190913,9.96228096555,101.317512804,0.0
1.29071662707,10.4072907471,99.6023558752,1.0
1.95451247823,7.22339365531,99.3295344803,1.0
0.63519081597,9.48851816735,99.944618113,1.0
0.142322342892,10.400555763,99.2717670397,1.0
1.31647209519,9.73751307295,99.344431765,1.0
2.18561073572,11.2020350731,103.283723793,0.0
-0.222284685758,10.5684940433,99.3270669906,0.0
0.723291038184,7.45274637087,97.0530016389,1.0
-0.13111630552,10.9608336069,99.2144618036,1.0
2.63491218543,9.89038736154,98.8201363419,1.0
0.818477920222,10.2178988651,98.2337883384,1.0
-0.0175875782953,9.34267290123,98.0140191237,1.0
0.572126499843,6.79232117985,104.438379599,0.0
3.0869964441,11.0252494644,101.239707125,0.0
-0.299888713154,10.395858794,100.246505288,1.0
1.13424374165,9.0193508614,100.6354779,1.0
-1.16586695974,7.09554194877,99.0200622572,1.0
1.77388168011,8.54927858799,102.741191536,0.0
-1.1123359189,9.86833849236,98.5362498572,0.0
-0.977307667741,7.97379268667,97.690540102,1.0
0.477029824595,8.7303249643,102.999781984,0.0
2.46786584371,9.67707989304,101.856066983,0.0
0.657570983914,10.8732109711,97.8530006136,0.0
2.31505954719,8.18848140085,98.7363247921,1.0
-0.810513964636,7.92012690796,98.8132892272,1.0
0.472187140698,12.0021327115,96.2314509814,0.0
-0.801483097486,10.4906696549,98.6236378732,1.0
1.76389692321,10.928455593,101.478065965,0.0
0.675973490076,7.78335545022,100.837949322,0.0
1.24053834124,8.65146370738,99.8895230022,0.0
2.05038088371,7.34466395003,98.5995572798,1.0
0.162798074718,8.87450387722,98.6176105009,1.0
1.29307439692,10.2880375624,99.9658068925,1.0
1.27798592464,5.99128333023,100.187872274,1.0
-1.34244945125,6.89347429171,96.9875030019,1.0
0.382466354764,9.70940318498,99.6455252502,1.0
-2.61269357804,7.92915893042,97.7357531695,1.0
0.71676998579,8.97317562991,98.2865245192,0.0
-1.04423586978,6.99952282741,99.5491701255,1.0
1.64361297026,9.27697305689,99.4071427536,1.0
1.47302399954,7.67840021647,99.3293822244,1.0
1.19706387367,7.65383892171,98.8447659088,1.0
1.76741211794,9.66489060511,98.7119822077,1.0
1.06984864,8.64596143345,98.9679514081,1.0
1.42945711565,9.20683390004,100.319098269,1.0
1.96136596568,9.82702898297,100.07472434,1.0
0.347891440159,7.58236046235,102.405397721,0.0
-0.94899517,8.47092187576,98.1893319646,1.0
2.12597958112,10.064877723,99.1394794174,0.0
1.70353430793,10.3831725342,99.7051804842,1.0
1.42413464542,9.38014397226,100.728564509,1.0
0.434985302267,10.4762119499,98.6691486936,0.0
1.89900200075,9.88002031481,100.365270891,0.0
-0.0638121148504,7.33281372162,96.8021409979,1.0
1.59172750906,9.71310528515,103.466539002,0.0
0.0618442254324,9.39934132529,103.492963555,0.0
-0.221425502399,8.46084345016,96.3967754404,0.0
1.22046922312,11.7160034082,102.375764545,0.0
0.17256954126,8.0791632548,97.0957517238,0.0
1.45366953878,7.94652033418,98.746200858,1.0
0.767939849684,11.9100657939,96.4085519565,0.0
0.580707861138,9.98975361935,95.5454419748,0.0
2.23385780888,10.4154988154,98.9438652976,1.0
0.187850308421,10.4306916919,98.4481653981,0.0
0.0391813462937,9.35696810997,98.2439246905,1.0
1.25391415061,7.883569516,100.402817129,0.0
1.14717231653,7.54668167842,98.7120701829,1.0
2.21235580577,11.6320653967,100.720586511,0.0
0.0842121959995,8.00027224881,98.6231761411,1.0
0.940343687875,9.42663577818,100.439324722,1.0
1.21229447609,8.07440527643,99.5512541279,0.0
0.41637383471,8.78084758784,98.5813297515,1.0
-0.857297887932,8.77539958097,95.6948103365,0.0
1.83947990748,8.50864179033,101.458913233,0.0
1.39414979404,9.05075844322,96.3074297734,0.0
1.79254064957,11.0146007994,102.183633492,0.0
0.8117404958,9.83010234871,99.5175510313,0.0
-1.56510048695,8.58249465369,97.708453008,1.0
2.69559498445,9.10056636547,99.6593798176,1.0
1.14266202893,7.30104337906,97.7802769685,1.0
1.37093216741,10.030842877,101.429539861,0.0
0.73027996424,9.75523081914,99.4626930121,1.0
1.29038774832,10.5709768784,101.408245908,0.0
0.697639924508,9.06768244996,101.354791804,0.0
1.28815017563,9.83973027004,100.782073859,0.0
0.666205411277,10.4723296827,101.350646531,0.0
-0.476469503754,9.11377993147,98.6611848418,1.0
2.74884661104,11.4572080728,102.207157886,0.0
1.3840581906,10.7442825897,102.622905428,0.0
1.09189905721,11.1228049325,98.5366133713,0.0
-0.533334781477,6.02027149842,97.3518735737,1.0
1.36406098404,9.13195225517,100.017585131,1.0
0.11001200196,8.11508427532,103.215957971,0.0
0.636772592715,6.95545766703,98.2676815482,1.0
1.02564720007,11.1464207448,98.5936722994,1.0
-0.761052082105,10.410120329,97.4432058552,0.0
0.259733429847,8.67513265302,100.94371974,0.0
0.531432562388,8.68038351959,97.6045889971,1.0
-0.0997717551053,6.29013385418,98.6499040296,1.0
0.299725514832,9.40471174276,98.8195884535,1.0
1.71894747114,8.5733193861,98.5668711114,1.0
1.10891834969,11.0483362454,101.469735515,0.0
1.19823210283,9.22964155214,100.166931767,0.0
1.15810739345,9.55023634281,101.124873569,0.0
-0.39698747084,9.2969789238,99.1785644384,1.0
-1.21422147197,8.8099368285,99.2182156279,1.0
-1.29626798795,10.4067560661,97.5808270613,1.0
0.438900905989,9.12402232346,96.9213303109,0.0
0.602723696205,9.58411539491,98.8461733707,1.0
1.08468868525,11.3787112265,96.2911637699,0.0
-1.5582706969,7.07275994241,97.6761451828,1.0
1.74528743164,8.02115764954,98.1977638974,1.0
0.765912949184,9.46618714258,100.876666129,0.0
1.94580092306,8.72688774073,100.165368111,0.0
1.57390534867,10.475350179,98.2095172442,0.0
0.353524512206,9.7463835243,97.9001305557,0.0
3.72958523294,10.7837295507,100.983867582,1.0
-0.76148943838,8.55245803528,97.5663781738,1.0
1.24563714532,10.2296971911,98.4697962644,1.0
0.793581165663,7.82622303587,98.7922725726,1.0
-1.59326002597,8.0436814233,98.1400249347,1.0
1.06300458356,7.83978580765,98.2389671254,1.0
0.91579478044,10.7854802484,100.046094704,1.0
0.861768642929,9.38618190758,101.349062745,0.0
-0.32189861142,9.04003599844,96.0983611743,0.0
2.52559699219,12.4650417677,100.427064662,0.0
0.807523876982,9.90159885972,98.9654351733,0.0
2.20027713367,10.7761980032,101.905854867,0.0
-0.655719003775,9.60178624709,98.1218815284,0.0
0.808771140804,8.98452455409,98.6033510767,1.0
2.03237728504,11.0750661833,100.311913159,1.0
3.12545888336,10.6076591967,101.137809191,1.0
1.22128597548,10.8894027674,99.3524578435,1.0
0.495070623058,8.65248643033,98.5389688473,0.0
0.74728351689,6.81402466803,98.1168557589,1.0
0.991152067843,9.63976187177,98.4118846513,1.0
0.320124033014,7.9155509798,100.410043716,0.0
1.00455029854,8.83061238778,99.5427483883,1.0
-0.088402525208,10.6545456837,97.539018455,0.0
0.503127011601,8.90775290354,98.5119899177,1.0
0.232786697728,9.10994665907,99.0583644526,1.0
2.20172497432,9.73972699771,98.4153582917,1.0
0.268845993977,10.3710311268,102.924366434,0.0
1.18550787335,8.86632922929,100.272345088,0.0
0.551173143087,8.37792455688,98.3393316201,1.0
3.17244734594,10.1616854729,100.639505396,1.0
0.521575436201,9.83492368962,100.592684276,1.0
0.779002137947,9.23556205081,100.27071573,1.0
2.23019932408,11.7071641095,101.115794089,0.0
1.39435872936,9.70522008642,99.9354571212,1.0
-1.28807600412,7.7493174326,99.6963697555,0.0
0.688649480049,8.44709603908,100.689281176,0.0
0.972448892455,11.0139846213,98.9215635075,0.0
0.917062500476,10.137336314,99.0252471936,1.0
0.518475384491,8.2358886298,99.090841652,1.0
0.603796855323,10.9064419888,97.6358937395,0.0
1.22113972577,8.65421837356,98.8370182207,1.0
0.454677034833,9.54081606664,99.7819839601,0.0
1.81831223349,10.7039587428,98.6523952019,0.0
1.5592287214,8.23742974532,98.459416568,1.0
1.76062905641,11.6262204826,100.499865815,0.0
0.144514491311,9.38302908507,100.984255138,0.0
0.632962032194,9.05528390981,102.075720745,0.0
1.59062197438,8.82443361779,98.1847829953,1.0
1.96277665198,8.85330421412,98.8201028071,1.0
-0.025928470233,8.50157025844,98.9141080948,1.0
1.06956137642,7.22397362723,99.3020569209,1.0
0.805143991065,13.5885115385,97.1391931013,0.0
0.900756543463,7.83914082474,98.8314128667,1.0
0.831334128304,9.81433631278,97.5487226165,1.0
-0.345614356861,9.01643462567,99.1529559086,1.0
1.03417839472,10.5199609006,99.7327580082,0.0
1.87720862428,9.17956666271,98.2306473818,1.0
0.48013951899,11.9891947338,96.6585993947,0.0
0.32470966446,11.6052045801,97.2070799003,0.0
0.161026354752,8.78877229233,101.336118106,0.0
-0.422060571283,7.88926081965,98.6783040665,1.0
0.879653999191,11.7999492577,98.8839350265,0.0
1.12122677343,9.86374651762,99.3906496484,1.0
4.14457450676,9.96292042513,100.035132127,1.0
0.476784172344,8.76352548047,97.9694969879,1.0
0.51906356093,9.33730564454,96.8229989048,0.0
1.62203492769,9.8720248924,99.5452394271,1.0
1.91996087783,10.0656680399,99.7284589504,1.0
0.526309769074,10.3249284348,98.3619217925,0.0
1.56969596409,7.86979966905,99.1781300253,1.0
1.25572192207,8.01849219593,101.308452419,0.0
-1.12036912377,9.51083965368,96.5573542507,0.0
1.02035759218,9.32406847537,99.6687958787,1.0
0.847300442629,8.28115345017,99.5073494652,1.0
1.91413884137,10.5854299668,99.1464960028,1.0
1.27095537018,8.9962929101,99.7040060619,1.0
1.88752211395,11.2074142605,101.140509119,0.0
2.83140720223,9.04714877657,99.0836853811,1.0
2.38312126709,9.98732312708,99.8714333497,1.0
2.96254390772,9.32554897507,99.4796007317,1.0
2.27384226591,9.88317779103,98.7588825679,1.0
0.757277719146,10.1913413076,97.3845217013,1.0
1.33732572608,10.3478486929,100.660537388,0.0
1.77854453105,9.80400190924,100.584557906,0.0
3.42096515241,8.87820250288,99.3001235229,1.0
1.69897582855,9.73852879623,99.6749474194,0.0
1.82572371753,10.0090349843,100.618054425,0.0
-0.0387194051225,9.56209296767,94.7904018923,0.0
1.93129948934,12.4569359764,100.599194268,0.0
1.78570545248,9.75677020738,99.9064974784,1.0
1.93579411206,10.0799867851,99.6507040538,0.0
-0.264839481848,9.39896228006,99.3915227102,0.0
0.791624773705,9.3374724348,98.0521388058,1.0
1.31434267676,8.82265699252,99.9920470516,1.0
1.6124113622,9.66891411481,99.0299227343,1.0
1.34502831487,8.89158168967,98.0886133938,1.0
1.42060870576,10.7571145057,101.577972033,0.0
0.0346805331157,10.474676226,98.5180728929,0.0
0.0237790145448,9.92808389285,99.3547221686,0.0
-0.054828061814,10.0900744396,97.8383309586,1.0
1.33029742246,9.00709114248,97.9855400248,1.0
1.18475743674,10.4911800107,101.197113703,0.0
0.808392957766,10.4971732955,99.722968327,0.0
1.24627309109,8.7393517855,99.424056392,1.0
1.97991016139,10.1741086356,101.900151771,0.0
-0.590112188285,9.42736659025,98.6268577804,1.0
-0.674814987496,9.48087320289,97.4770098348,1.0
0.286483085273,8.87173033316,97.5339300847,0.0
2.78804032591,7.8735001927,99.6155168858,1.0
-1.51035829485,9.88948845378,98.6663917234,1.0
0.663904353401,9.88830530268,98.3958966936,0.0
-0.308782779343,8.40010158119,98.5014432382,1.0
1.62482013772,10.9406357292,99.7015514569,0.0
-0.0364182239803,8.93260079277,99.4078627722,1.0
0.203897176526,9.75088545642,99.2296832854,0.0
3.23248454417,9.51362568149,103.873058979,0.0
0.932012136767,9.40863231812,97.524025442,0.0
2.01156947678,10.0056344919,98.8681856456,1.0
1.34706591527,8.02203549469,97.926551202,1.0
0.402993959165,8.55936212956,97.7144184809,1.0
0.332844023821,8.51863086277,98.6957600972,1.0
2.34275644688,7.6915693196,99.4071558258,1.0
1.22139545339,9.47945198701,100.166359145,1.0
0.0712573425783,10.396696058,98.8649322763,1.0
-0.326983955952,7.33594579549,97.5904709352,1.0
0.46425902272,7.67961037589,101.645236291,0.0
2.39359339817,10.2904896919,104.549949913,0.0
1.1826584322,10.224649181,101.03074312,0.0
0.851232421498,9.40491040886,100.254143901,0.0
-0.448570995338,11.1175906053,96.9763782517,0.0
0.0907147204513,11.307173877,102.003489105,1.0
2.18451321389,10.4601422983,100.998234244,1.0
1.47337408221,10.400711872,99.6770366496,0.0
0.793957834859,9.02869170037,98.3532718015,1.0
1.90055865829,10.3492548735,100.263643831,1.0
2.71596511337,11.6205812114,102.061470198,0.0
0.737262172437,10.0038373709,99.1944055505,1.0
0.664937496032,10.7412531929,99.9699418432,1.0
0.098349669629,8.5979358447,100.264870239,1.0
3.50445791484,11.6623006412,107.070175883,0.0
0.846727561225,9.51344820237,98.8385143057,1.0
0.866031283109,9.80836156629,98.9495144324,0.0
3.34244992735,11.3316272597,100.457442545,0.0
2.37572341028,9.52607759787,100.043716394,1.0
1.43848397938,8.82782283409,97.6597833052,1.0
1.48187236107,10.0841360828,103.162489303,0.0
-0.419974783566,10.4436599719,101.852750924,0.0
2.73049786382,9.43981129601,100.608893476,0.0
-0.884941440273,8.59630528773,95.876549534,0.0
1.2953133598,9.31916202062,97.9779050108,0.0
-0.686920637991,7.80502246029,98.0760902221,1.0
2.51747807063,10.1317467362,100.322671129,1.0
0.922944360088,6.92561886854,98.24782096,1.0
1.95686121662,10.5171437877,97.7360375075,0.0
1.91244431184,10.3470126148,100.283420516,0.0
1.3755147466,8.63945013248,100.438277456,0.0
-0.67923383684,7.66546593871,99.1023948537,1.0
2.45057951243,8.93739819646,100.836296639,1.0
1.20880006015,8.67744033074,98.323147104,0.0
0.901503542473,8.93606811988,100.884440404,0.0
0.981106896904,10.0660232293,101.915010293,0.0
0.540193667102,8.83185372928,99.1509564012,1.0
-0.0938370759058,9.98240270052,99.3340978732,0.0
2.9325887337,7.68707162805,97.5505120451,1.0
-1.30780749838,7.81989891193,98.7636844053,1.0
0.452858741729,11.5813271577,100.29669226,0.0
-0.526163465376,9.38328945343,98.911004676,1.0
-0.484223697354,8.5214662617,98.1060540849,1.0
1.27467175009,9.83089123542,99.9071585609,1.0
1.17438353009,9.06673484732,102.321991,0.0
0.391408730114,8.39236581418,98.0529397657,1.0
1.46722049825,10.8896724014,99.9401535706,1.0
2.95111071415,10.5455997017,102.663930307,0.0
-0.721244111081,8.59231244222,98.3085325367,1.0
0.522132568892,10.615487978,101.632476575,0.0
1.15855750057,8.25354388466,99.0710858133,1.0
-0.0711630152807,8.96193751972,99.796488509,1.0
2.21154915448,12.0021947558,101.083686639,0.0
0.770001309436,10.8585798102,98.898526493,1.0
1.78543265338,10.183700749,99.6367951318,0.0
0.0459955716613,9.66183870422,98.2394567172,1.0
1.92535696837,10.7399328673,99.8170189724,1.0
-0.887282106883,8.47245587516,97.7994234576,1.0
0.927855746064,11.2853576428,100.085744183,0.0
0.229728010561,9.25543869671,98.4238086761,0.0
0.758484642209,9.29822796332,100.512793711,0.0
2.95907929114,9.27666141577,99.6221372249,1.0
-0.496964783866,9.05032339499,100.730857436,0.0
1.59522247651,11.6292343037,99.898543154,0.0
-0.0339569486303,10.4862425356,97.6075624209,0.0
0.0636352015771,9.32069336505,97.1941760841,0.0
0.618917942623,8.87954583293,100.471857483,0.0
0.0999437339525,8.94685507618,97.121609098,0.0
0.759301615716,10.3465534657,97.690588376,0.0
-0.0236127419937,8.97708937849,99.0662833942,1.0
-1.83309856121,9.71314324596,97.8881290343,1.0
1.66505372096,12.9210655104,100.805692213,0.0
1.04058132169,9.56541341029,99.3706508687,0.0
2.11448692305,12.3690597804,103.843250381,0.0
1.15568715543,9.90781325016,99.9825560163,1.0
0.83833011075,9.62807331671,98.9332131013,1.0
2.10867154089,8.8466634906,98.9632627093,1.0
-0.417824033889,8.11739198466,96.992021972,1.0
0.547977171769,11.8511335931,101.396204131,0.0
1.43777261848,9.30880204517,97.1765345126,0.0
0.67223261192,6.71148218211,97.8051673303,1.0
1.29932631872,11.5866665301,99.4538906373,0.0
0.927797323334,9.22078885591,99.1622636866,1.0
1.88769372637,11.2674715138,98.3118255182,0.0
1.32104620141,12.3450119601,102.179881009,0.0
0.81221089329,9.66794196362,102.382047022,0.0
0.890194714797,9.13595155027,100.785480274,0.0
2.1844128616,9.27663426776,98.9235065379,1.0
3.99985148152,8.51185087194,99.6254294185,1.0
0.134732498516,9.58801608258,97.6372472461,0.0
2.12014505252,10.4814140864,98.7911859556,1.0
0.000332647615835,10.2452901853,96.9785288685,0.0
2.87091799679,10.5699993409,100.286218845,1.0
0.583276878638,10.8559478242,97.9307842715,1.0
0.886557354126,11.0744055104,101.491840557,0.0
2.46838768512,8.77499008351,100.758710484,0.0
0.289702487523,9.21334346444,96.3638793716,0.0
3.4258253149,9.97073488405,102.416655422,0.0
1.73684863375,9.65870071398,100.318154975,1.0
0.674043389598,10.8088890868,98.7125605929,0.0
0.319118369641,9.40659107383,98.2974192462,1.0
0.124129642273,10.3641827784,99.8706574754,0.0
1.00917852601,8.69402365212,99.2024941858,1.0
0.540345118004,9.71766169753,100.649536034,0.0
1.96496652805,11.960117636,99.1323325438,0.0
0.477564811164,7.75280317177,99.5383420456,1.0
-0.688174884239,10.2242033593,99.5349261385,0.0
1.03070709302,10.3369232145,98.9884653466,0.0
-1.06472951405,9.82954533551,100.866724754,1.0
-0.281161836405,7.53446595531,99.1485162509,1.0
1.15737839673,9.24478646998,101.044041103,0.0
1.319534435,11.7171750934,102.408916321,0.0
0.736414043155,9.82429532438,98.788547118,0.0
2.90152374973,10.9146341616,98.7775625273,1.0
0.119061381563,7.15175895111,97.875752167,1.0
1.76744333243,11.7407918099,101.487060386,0.0
0.498500341975,10.0957595038,95.9006592659,0.0
-0.588480664646,8.77679862065,99.2130137634,1.0
2.19187452076,10.4643520382,101.139255551,0.0
0.524462462137,8.6720571336,98.1932046716,1.0
2.0517488535,10.313353323,99.3996707686,1.0
1.37537976075,9.0892641939,97.9587303323,1.0
2.42467199546,10.3651552172,103.266847238,0.0
1.79089403871,9.74371497538,98.1556760647,1.0
0.22874583916,10.1151748219,98.3376735466,1.0
0.538559233653,7.5433054035,98.4696567731,1.0
0.161502868996,7.71985959534,95.6841204633,0.0
1.35072854093,9.95477998533,97.9025653451,1.0
2.21595819073,8.85822350052,99.4233242409,1.0
3.20484383231,9.62951055626,99.1463707887,1.0
1.08796976811,8.62433897307,98.4103824975,1.0
0.956214169422,11.2756940614,100.648059599,0.0
1.16473733743,10.6675180203,100.329204905,0.0
0.179541966075,8.87306678308,97.6367880125,1.0
1.01798434654,8.18995066192,97.8236152871,0.0
0.563035389031,11.6683013741,100.666062412,0.0
1.41212102592,9.12520151001,97.8289233462,0.0
2.31158291305,9.55091144654,99.863791242,1.0
0.0845554037406,9.41697952378,98.7649235528,1.0
1.14760532493,9.86037076847,99.734665765,0.0
1.40508065578,9.53092899316,99.7600630372,1.0
1.13933214351,8.80598894123,97.2783486526,0.0
1.70659434059,10.3239669611,97.5323631724,1.0
0.953372860242,7.83306469653,100.861918538,0.0
1.58027917636,10.5952604167,99.2970402542,0.0
0.795830294042,9.66080406461,97.9536747699,1.0
0.805008678207,8.45736879013,100.163560353,1.0
0.570720154363,12.136529078,99.5101898321,0.0
0.24354356793,8.67882807426,97.8867274763,1.0
1.12197128986,6.90041829359,98.9082835848,1.0
0.0176208181758,8.85320282048,98.9396016874,0.0
2.89546800034,10.0994366655,98.9369608248,0.0
0.141267790792,10.5382990316,98.8690496362,0.0
0.0296077031983,9.70413366799,99.324363009,1.0
1.46998660004,10.2252920972,101.546262168,0.0
-0.245939218788,7.37693614463,102.780741866,0.0
1.24289195117,10.9282927599,100.091037086,1.0
1.48884339718,8.58866866347,98.7482594305,0.0
1.40420485252,10.9561783328,100.305637861,1.0
-0.308905829684,9.00661761033,98.1742809777,1.0
-0.705485054212,8.95578838162,99.8644870129,0.0
1.65787797285,8.88464148453,98.834200601,1.0
1.27248291294,8.59769041932,99.2917619842,1.0
0.7593917524,8.52832543703,99.6792882223,0.0
1.1835510668,7.51011180847,97.4967808382,0.0
0.998414238028,9.00511208627,101.055059699,1.0
1.40342426212,8.51008006081,103.124381337,0.0
0.430780859883,9.50652215392,99.7937470755,1.0
0.68118281952,8.47230819051,102.419950611,0.0
0.745558305326,9.25892412266,99.6789252916,0.0
0.942888028799,7.89423622988,98.8548072943,1.0
0.712929911606,9.36987733578,100.1265142,1.0
-0.720986605132,7.69584566514,98.0623043492,1.0
3.54913971403,8.73953549798,99.895221791,1.0
2.18172790244,8.43011704353,99.1427946033,1.0
-0.324524535176,9.51507650901,98.4041848303,1.0
1.72320795622,8.98226507224,98.0490445782,0.0
0.437299469385,8.03335562707,99.859208956,0.0
1.57998159518,8.2538259578,105.631021412,0.0
0.500399393861,9.56886205348,99.597984351,0.0
-0.515781978663,11.7406664428,98.4542679696,1.0
0.371344822136,9.6159989168,98.9740637381,0.0
-0.67553033368,9.11620653349,98.1907322548,0.0
1.3196682658,10.3318979745,100.613392044,0.0
0.226539653114,8.94075803389,100.3408021,0.0
-0.452017424417,8.61779768641,97.466623531,1.0
0.376560002624,10.7289015327,99.5239687603,0.0
0.873377484305,9.04202114677,100.520213367,0.0
-0.747145842752,9.48749946088,98.9750303882,0.0
1.50954511875,10.65051485,100.016936598,1.0
0.52346870654,10.0620123063,98.3340355036,0.0
0.42325946412,7.64127260248,99.7035184416,1.0
-0.147807345922,10.0746096192,97.7961756506,0.0
2.10824435759,10.4762885761,99.5628879419,0.0
0.752618308163,9.92138510332,99.7729503876,0.0
0.4057543557,10.2190569468,99.2915749966,1.0
0.821289702442,9.40832772748,99.5101596367,1.0
3.15365025154,9.08100203824,99.1944988883,1.0
0.429615183099,8.02544689057,100.477725348,0.0
-0.459890334688,9.65566565733,99.1545578366,0.0
1.02259933692,10.4549235549,99.0804420933,1.0
1.94158121092,9.15898280389,99.5878140528,1.0
1.71717258464,12.0945468295,102.151074422,0.0
2.30211589477,10.4463698111,100.104045052,1.0
1.99087352706,9.88494323132,100.589875543,1.0
-0.373032447959,9.42083564082,99.4462005989,0.0
0.813868702815,7.79442451478,98.1907149987,1.0
0.653702915134,9.27967908092,100.792737698,0.0
-0.628262843249,8.46308953178,97.4574493521,1.0
0.458389858346,10.3323194963,99.7158535319,0.0
1.60060729477,8.38076423524,104.949771852,0.0
2.00760119788,8.57651707347,101.636153051,0.0
0.73696930994,9.00005701114,99.1108591766,0.0
0.71919901945,12.7606338796,99.3150512308,0.0
0.658974828757,8.87580916739,100.830493087,1.0
1.88793993127,10.9424428574,101.196950106,0.0
0.376674116963,8.58237287234,98.4501854319,1.0
0.348395101937,7.70018541953,97.5996331122,1.0
1.15309194893,10.2743984032,102.530131868,0.0
0.335149133352,7.12757024684,99.4710823347,1.0
1.6654363984,11.4479435407,101.382725802,0.0
1.72703045374,8.97000983962,99.7858031509,1.0
-1.12019370577,9.26214257988,100.16624971,1.0
-0.63708439,7.68138912435,98.7650477367,1.0
1.04645032081,8.75784716439,99.0183351643,1.0
1.26504475145,8.15818842039,100.32228291,0.0
0.369804257686,8.28631058444,99.5581424198,1.0
-1.20106246685,9.45748157087,99.2676001888,1.0
-0.135713924469,10.0607464286,96.2685255865,0.0
0.423959751552,7.3698993296,97.8612499482,1.0
1.13379862197,8.66613784448,97.8503797321,1.0
1.04457165726,10.0920311604,99.3464975663,1.0
4.00917992431,10.0234511145,99.5959014609,1.0
1.93468061909,9.96240927986,100.346635819,1.0
0.475846681198,8.66574117898,99.0862332207,1.0
0.857476326705,9.34631419893,97.3320666329,0.0
1.89321669235,10.5434066409,100.156544036,0.0
0.0990223380257,9.93777694609,99.2437005208,0.0
0.739591166404,10.8363941249,95.8389296198,0.0
1.0905940728,8.97755992494,98.7699813851,1.0
0.516780281643,10.0517094886,98.9539497157,0.0
1.23183460914,12.0407464022,102.482482971,0.0
2.1055350093,11.0425059723,101.588202191,0.0
-0.60284915569,9.75196245827,96.8599885124,0.0
1.97192926071,8.74331535271,98.8673415784,1.0
1.10967466038,8.46223629608,97.4035101509,1.0
0.897809348171,11.2251982449,99.4333124089,0.0
2.13164812996,10.1061977742,101.679435679,0.0
0.699533833052,11.7894393566,100.067917145,0.0
1.87641782104,8.95640436641,102.23970628,0.0
0.103303867133,9.87044339365,99.1442965417,1.0
0.330287592226,8.96215484559,98.6759600166,1.0
0.859171920328,6.92023629916,98.1554585128,1.0
0.956007016002,8.41302689443,99.3242638206,1.0
2.35177358766,11.5588111506,100.839125876,0.0
1.74447944017,7.80015228296,99.2453291207,1.0
1.29820851126,9.00138642035,100.788593924,1.0
2.23158920678,10.7905966677,100.788469371,1.0
0.44914627809,8.78761605269,98.5279588109,1.0
-0.159946025764,10.2794361612,98.392338997,1.0
3.07931169685,9.89299674666,99.3150649594,1.0
1.50689208911,8.05558415582,102.084665554,0.0
0.466109812611,8.94793083852,99.320411173,0.0
-0.355692633856,5.62216949659,98.2440517615,1.0
0.984432950999,8.77022301338,99.0631545113,0.0
-0.360762383301,8.81791415283,98.603027834,0.0
2.03116355649,8.89521882518,100.601069749,0.0
-0.0111551586545,9.30228632231,99.2228507179,0.0
1.96831357918,12.0762930891,101.004775567,0.0
1.48570099789,8.84235926565,99.1425388774,1.0
1.25640656059,10.6886303887,100.470089155,0.0
2.85055775443,8.68735473971,98.4290004862,1.0
-0.156559159396,8.57777440352,98.3393649066,0.0
0.887265603782,10.284766012,98.4450860283,1.0
0.521167383061,10.5195230016,96.8198399518,0.0
1.04552776791,9.7161570129,97.9813385698,1.0
0.864920234453,8.81042262951,99.5290323536,1.0
2.19496101485,8.44250543699,98.7110910921,1.0
1.62580969642,10.7634841541,104.566698302,0.0
0.0251395509011,8.91261167915,96.8112054937,0.0
0.222118407596,9.21769787187,96.4703891639,1.0
-0.0243832936309,9.75012378601,98.928896307,1.0
0.522628853852,9.12116160599,100.293691688,1.0
2.2794885789,8.4838243759,99.7138261183,1.0
0.496880441143,10.1560425587,99.1151050804,0.0
1.17103733174,10.4952041684,99.4712776406,1.0
2.61177413168,8.76190917424,101.958596438,0.0
1.33149165613,10.4522693787,100.230339652,1.0
0.788016772178,10.0956430682,98.4005429076,0.0
-0.206475205226,9.7029224868,97.9027484933,0.0
0.797523506329,9.25160124778,98.8370874142,1.0
0.571037229388,7.57526801954,98.5914989821,1.0
-0.268764706614,9.16832496185,99.7301057459,1.0
1.39978401479,10.1482988649,101.398257155,0.0
1.70879644955,8.5113953369,98.0592164534,1.0
1.69749661859,11.1095798084,98.7161119155,0.0
1.48389597721,8.42605062845,99.3249630521,1.0
0.289667153308,10.8079011932,99.9540621071,0.0
2.80549525291,11.0749182727,98.130083096,0.0
1.87741866381,9.61296155241,99.4826115811,0.0
1.95638984092,10.9869134993,100.691815269,1.0
-0.657949563294,7.13219321448,97.3296509418,1.0
1.31588957234,9.12148563017,99.6897476787,1.0
1.56734408631,8.43248075496,100.449676236,1.0
2.29843683086,10.965199507,104.725366504,0.0
0.249616728096,9.05569632267,96.778773421,0.0
0.96867887494,8.98512906752,99.5698497449,1.0
1.6278051935,11.8029054587,100.548211945,0.0
0.00520253129402,9.14201449347,101.570411852,0.0
1.00983080332,8.36567222409,97.9898809827,1.0
0.207275536561,10.0202630938,98.9255035974,1.0
-0.0588826504448,8.80870656337,100.446298362,0.0
2.53969100463,8.44882002743,99.7124673825,1.0
-1.11584845487,9.02677516956,99.9238049357,1.0
-0.0324319266741,8.47653347019,98.6503269853,1.0
-0.161204946871,7.69968488837,97.7299515804,0.0
0.063811430758,10.581283235,98.0802056827,1.0
-0.0472213320146,8.05324619235,97.7842370279,1.0
0.714160987113,9.79310681753,99.6759329032,0.0
0.802758090632,8.79224859079,98.6150132953,1.0
1.26861891445,9.09328437662,100.947204299,0.0
-1.96210413479,8.47696470289,97.8942600753,1.0
-0.458719206301,10.8544104304,98.5518306697,1.0
-0.124137138428,10.3292860344,100.017507194,0.0
0.975639311529,9.30338695342,98.4685125001,1.0
2.50808090264,10.861851445,102.747860931,0.0
1.40980208331,10.5967871934,99.9164059392,0.0
2.2787861334,9.65536642231,100.112865716,0.0
0.958535066374,9.96922796385,100.148109646,0.0
0.217258029847,8.60187411876,99.7392703415,0.0
1.03397604972,11.0954547516,97.5655413851,0.0
1.33978877104,9.30586415529,101.481531006,0.0
-0.205672025406,7.89344052493,98.8840997549,1.0
1.94853377192,9.73331017392,103.472975978,0.0
0.872981443409,9.51695343374,98.493273337,0.0
1.12360716488,10.3051365269,100.013991105,1.0
0.834280790816,9.25907364987,101.569182912,0.0
-0.367904823653,6.90952965085,99.7869319737,1.0
2.1148120835,7.27077099974,99.0978389414,1.0
-0.303003754236,9.23098173826,97.7611252095,0.0
3.60864850296,9.63119745974,102.460847151,0.0
-0.18963489131,7.11640210003,98.912713213,1.0
0.586135711777,9.25856140225,95.6937232199,0.0
2.05419638026,9.79874761219,100.319409699,0.0
1.41743569826,9.87337352491,99.8022923982,1.0
-1.14253492553,6.66725017445,98.3273741568,0.0
1.17750259028,8.49487814763,99.6858745609,1.0
2.84475267494,9.36864556655,101.10645716,0.0
0.767288634567,8.85205812761,98.3856162019,1.0
0.867722803516,8.71687544728,99.5454489487,1.0
0.7990484253,10.6289928735,98.7940797986,0.0
0.273283851931,9.01202647724,97.6193499251,0.0
1.61811437367,11.0703845003,99.5687506808,0.0
0.485940100043,9.74302654054,102.749633873,0.0
-0.754649608292,9.04738861303,98.0262400288,1.0
1.27813749558,9.97466770444,98.0789290454,1.0
0.221059123176,8.49092282449,99.5403271046,1.0
1.40732302191,11.5223881895,100.769288811,0.0
-0.278361402655,7.58511186998,97.4862485568,1.0
-0.969216858765,9.89285541254,95.1511782548,0.0
1.33888460517,11.858137462,101.802553778,0.0
1.65671675623,7.55524663403,98.4103647898,1.0
-0.373762293299,10.7899108004,98.6796854615,1.0
2.60081131974,10.7374679795,102.418272026,0.0
1.07959623787,8.04254338655,99.1935824354,1.0
0.653297489546,8.57751278695,98.1279562666,1.0
1.69275312873,9.81597913575,101.547624277,0.0
-0.351189326162,9.2070498524,98.807164045,0.0
0.82992702331,7.48637739931,98.3160637171,1.0
1.67426797573,9.51211741978,98.6230670799,0.0
-0.348435090787,9.39551648025,98.3432784333,0.0
0.591393804238,7.77515969593,98.3337403019,1.0
0.404535747182,10.53218555,98.8496987183,0.0
-0.404289362902,6.88993313184,97.3906054553,1.0
0.976199938949,10.8014248185,93.7716493582,0.0
1.42258764853,12.0318481398,103.73614264,0.0
2.15846949415,11.185110957,98.8516627865,0.0
0.682347579497,8.25920166106,99.5902283225,1.0
2.33528354057,11.0240140041,99.6709303984,1.0
0.474267659942,10.5312900394,98.0701834733,0.0
0.497492422342,11.235479216,99.3217935408,0.0
0.665503088016,8.06618446563,98.1912533049,1.0
0.195387602749,9.58734201054,99.9895792472,1.0
1.35733997428,9.09324057138,97.8601533514,1.0
0.660355725524,9.41258853905,98.1777209471,1.0
3.80629384548,10.064570329,100.901495073,1.0
1.57011487955,9.35449087578,102.765685036,0.0
2.73765733344,9.2798786454,99.0059888948,0.0
1.84005041483,11.1548245537,99.858182533,1.0
1.65558069643,8.81838617812,101.011595205,0.0
-0.685345527366,10.0913492577,97.1199573561,1.0
0.358606927205,10.775552854,98.089156073,0.0
0.131396947472,10.3988982663,99.9517884245,1.0
2.95646331407,11.0529988235,100.029388423,1.0
1.75254431048,10.0454517371,99.6105463702,1.0
0.351889162379,10.7773199409,96.5315386504,0.0
-0.150270637875,10.0538697024,97.3926297295,0.0
1.76738250823,8.05288584485,97.9860644856,1.0
0.982750328281,10.5737883458,99.6364144772,0.0
1.91381792016,9.81780419713,102.535503154,0.0
1.22419437059,10.3188973126,102.13623785,0.0
1.53412637364,8.78893381468,99.2504081775,1.0
0.864771877806,10.6703092417,100.664331723,0.0
0.919951185806,9.93373507829,99.8076259997,0.0
3.34451115061,11.4086054782,102.570369449,0.0
0.875669426669,9.19287646459,100.688483389,1.0
0.540973558022,8.09730487086,99.9162412736,1.0
1.93330983838,10.8253903575,102.882159644,0.0
1.0329739573,10.1278772324,99.0444101763,1.0
0.966953445322,9.37529136355,98.8539703824,1.0
1.34565694138,9.70446676081,101.645544998,0.0
-0.169925663003,10.6394200283,98.7915922829,0.0
1.14760319575,9.44111529237,105.001635628,0.0
1.265689227,7.90383687714,98.4964461683,1.0
0.47541018309,10.3029976615,103.453821889,0.0
0.560878875093,10.1186253704,100.707794055,1.0
0.637026474374,10.8364294585,97.6305778111,0.0
0.98626233973,10.9129913601,98.506318098,0.0
1.33118902901,9.16927048682,100.927180754,1.0
0.000146223409983,11.1704673964,100.147977915,0.0
1.77117392612,9.41814410236,99.7167356244,0.0
0.458370112617,9.36509097627,98.7389534815,1.0
-0.431995780115,8.98327867169,97.4651617886,1.0
0.495887456789,11.5140455292,100.096643869,0.0
-1.00733875465,9.63465390876,98.4734381291,1.0
1.28849945404,10.3640372652,99.7782757089,0.0
0.225073607525,8.91723387189,104.929508162,0.0
0.210182825541,9.70925325703,100.494184536,0.0
1.77822878635,9.16667632631,99.6223358688,0.0
0.442868462813,10.5986985407,101.346727513,0.0
-0.409805363059,8.07635854627,96.9756568024,1.0
1.47134328765,8.61764175403,100.25095816,1.0
1.90853857022,10.7794680609,99.8821017212,0.0
0.148601903702,9.33173095476,97.6356096733,0.0
0.937308291346,9.4093177567,99.3060943723,0.0
3.55947386438,10.1285523827,102.236822606,1.0
2.23813512648,10.4711212525,101.450239112,1.0
0.315457067245,11.4468869466,99.1351810696,1.0
0.33294487242,11.0397873724,96.4533824779,0.0
0.973280648826,8.56651272306,97.4306679019,1.0
2.03321637758,12.2695558114,98.6703318023,0.0
0.273966152192,9.65280115695,98.532789936,1.0
0.826141968376,11.5174782217,98.6208454302,0.0
0.652090996286,9.35616596196,98.7371648956,0.0
0.924754557307,8.80323516141,101.76286584,0.0
0.860082274357,8.23623129075,99.6131940141,1.0
-0.290426158103,8.93785575526,98.6576937386,1.0
0.139594045542,11.3613019991,98.9323680219,0.0
2.82384402878,9.67022358241,100.164967599,1.0
0.577070912576,10.5700559712,97.9101166195,0.0
1.96219813591,10.1462216624,103.240494567,0.0
2.18031868485,8.78515263587,98.9505621271,1.0
0.288211786233,8.90472935255,98.4756013634,1.0
0.8608360102,9.89230708089,101.446844982,0.0
-0.322155583871,9.72996767494,100.531551245,0.0
0.739442770842,10.0962348186,98.7777504639,0.0
0.43978037164,9.01704090583,97.6638838746,1.0
0.598006295568,7.99364245507,98.5260301203,1.0
1.24511261002,9.78857618337,99.144437462,1.0
1.07725941428,7.87276222452,99.0151989786,1.0
1.20642932844,9.83679149503,101.355227668,0.0
0.35860017782,8.45379856284,97.8679388129,0.0
1.42574677254,9.79955500467,101.94923613,0.0
0.221548205851,8.99354906175,99.9533363177,0.0
-0.0188823014787,9.04460681819,98.5335371742,0.0
1.4225539093,10.3770376263,103.369874912,0.0
0.516239373158,11.158049007,97.5592697732,0.0
0.112334473721,8.71414749585,102.063330445,0.0
1.27789476646,10.489513592,99.2269449192,0.0
-0.464347133083,10.1617582673,98.4824447575,1.0
-1.59404472106,9.27888973304,97.815819147,1.0
0.953070367283,11.1351256252,102.167832371,0.0
1.06434221352,8.97681143893,103.281797044,0.0
-0.707741412464,10.4641233178,99.556387347,1.0
0.956591812141,8.77326468216,97.3704146449,0.0
1.50528634739,7.90713171282,100.329279496,0.0
1.84007536608,9.69027250318,99.6460677229,1.0
-0.288112210593,6.51611103373,97.2025779582,1.0
0.572927923905,10.4649446365,98.4989247039,0.0
2.14799739198,11.572768109,98.1663257916,0.0
1.48630186064,8.13763299958,100.110450736,1.0
0.351941644142,9.17646247832,99.0018562188,0.0
-0.113519962256,9.56888052997,98.4713974779,1.0
1.08571085932,12.1811750764,98.8274255264,0.0
2.95634854127,11.8910238587,100.389069307,1.0
0.998433293164,11.7054710037,100.386876474,0.0
1.64255986862,11.5527085771,102.986216894,0.0
0.250375138632,9.81708165813,100.318251397,1.0
0.888952210298,9.49470768484,100.176136226,1.0
0.598978391276,8.00044214518,98.6318071209,1.0
-0.182781512381,9.93320385045,99.819647382,0.0
0.698013665445,9.09682106636,98.6969354578,1.0
1.38430760652,10.7543715112,98.3988716531,0.0
1.32658116869,8.4089444034,101.575430855,0.0
-0.580178281806,8.39924107894,97.9438117447,0.0
-0.225956774911,8.96823240761,99.6803281085,0.0
1.06352852834,9.39841063284,101.455664391,0.0
1.21027895956,8.34007340065,101.218532543,0.0
1.50392325445,12.164189463,98.5022447974,0.0
1.79191761105,10.7601913056,104.412579994,0.0
0.27897598483,10.8704645617,99.6027380381,1.0
-0.0757299007141,10.6017017067,97.7446577281,0.0
1.02694182647,11.0343225106,101.096279326,0.0
1.58026263207,8.3664495879,100.71477317,1.0
0.181217424366,9.3698286657,94.4156761306,0.0
-0.722032935687,6.65112691508,96.826423429,1.0
0.453798113334,8.55127980737,100.67527282,0.0
-0.419517751122,8.6363114661,99.354869762,1.0
1.04015752724,10.2112855386,98.7462267512,1.0
2.08873668324,9.45039334388,98.7458245437,1.0
0.950998746355,10.7246914466,96.8255205826,0.0
0.777920017377,9.09649657963,98.2813930904,0.0
1.73400825306,10.1441163475,102.782552701,0.0
1.33767527957,10.3256027634,102.424014841,0.0
1.1326565162,10.2435000748,100.324887303,0.0
1.25493399577,9.2352718057,98.6217756923,1.0
3.09991783203,10.1317466934,100.369137664,1.0
2.79357996518,9.65351941914,102.154510878,0.0
1.16951512915,11.4272203078,100.237451373,0.0
1.27357153048,8.49608164923,97.4136855701,1.0
2.45443397662,10.4256203271,99.5560626528,0.0
1.98393851502,9.55687145816,100.213847614,0.0
0.116026595176,9.53066757366,98.6907279553,1.0
1.77966610243,9.69920802739,100.294747277,1.0
2.27087211624,10.2985179615,98.5761688295,1.0
2.07416215569,9.85028546469,101.122360495,0.0
2.77931051305,10.3178589934,98.975767049,1.0
1.06706051276,10.0844963383,99.2374331836,1.0
2.17751090478,9.13593826586,100.460556753,1.0
-0.150614954418,8.07030111385,99.6309370938,1.0
2.99446381724,11.4918093699,104.883935113,0.0
0.780659970431,8.61907954044,99.2717563669,1.0
2.38740784047,8.9405524195,98.6832050445,0.0
0.829506942555,12.4227264843,95.1250358069,0.0
0.795933525344,7.81055202056,100.855178627,0.0
1.59102417137,11.9078005486,100.547455057,0.0
0.727889397771,8.16976859396,98.2377198157,1.0
2.74367268235,7.95483743359,98.7846938515,1.0
1.9635935926,12.3508533733,102.737619806,0.0
1.48529005966,11.0128941113,100.472120462,0.0
2.64426455437,10.6761607539,102.04545362,0.0
0.334470552266,8.51977342827,99.2048686355,1.0
1.2371433641,9.59917538607,99.7602308651,1.0
-0.458568100127,11.3339854669,98.8476021818,1.0
1.99251911407,7.49755980179,98.3501508088,1.0
0.36953440479,8.99966148987,98.7152819251,0.0
2.93852498426,11.3460799804,101.547342392,0.0
1.69827656972,8.64455329963,100.081339482,1.0
2.68265017761,11.6460937298,99.1367080946,0.0
0.857391511484,7.14296780441,98.5816043015,1.0
1.9198198872,7.74317299104,98.1305078829,1.0
3.55239464974,9.44869008704,100.642486183,1.0
-0.245350850768,11.0593930549,99.9397557873,1.0
-0.760400901975,8.8762923736,98.4056741778,0.0
1.32689401686,8.15216685134,98.5730097022,1.0
0.946365307023,9.88653786354,99.7678927602,0.0
1.94397655749,8.06763528914,97.4600891367,1.0
1.4667921004,10.5087400624,101.635926409,0.0
0.615667693935,9.38430310252,99.8361998225,0.0
-1.13481294058,9.02191940799,96.9995101403,0.0
2.18186442309,7.07823641056,99.6849500012,1.0
0.0942930483729,9.46599321599,99.1327225334,1.0
1.59200878192,10.1115861662,101.894693813,0.0
-0.069436097107,9.06707073617,97.1237377283,1.0
3.4207958277,8.41945390403,98.9581540145,1.0
0.249945218062,8.68548394175,102.080543604,0.0
-0.317952100798,8.60733138341,98.3005513872,1.0
1.24393449277,9.73459115342,99.1027194119,0.0
1.04250249627,7.77868981714,99.419673535,1.0
1.54554429103,11.0997664809,98.598026843,0.0
1.19800934937,10.7380840087,100.494082261,1.0
3.55061275746,10.7399682704,100.314419773,1.0
1.89256985786,10.4323084536,98.8851125901,1.0
-0.258175097233,7.72535090985,98.3865402958,1.0
1.29692966602,10.7499383719,100.879511033,1.0
2.30339499266,8.04397094854,98.9070402063,1.0
0.964596442474,7.59487167366,98.9234151708,1.0
-0.246250501648,10.0399651809,98.5588314791,1.0
1.25070645297,11.9777610031,98.7779742798,0.0
0.402158790419,9.32580538724,98.4713740162,1.0
1.29190456726,8.98043872913,101.509806436,0.0
1.098675504,7.23527364306,99.2225306161,1.0
-0.206056729559,9.31712091857,100.068699127,0.0
0.600125484074,9.31502689405,98.4904626182,0.0
0.66526528181,10.0864881002,97.1263151366,0.0
2.22377429642,12.1967508004,104.016771856,0.0
0.20139348542,10.4433660004,98.0207049334,1.0
0.479127172619,10.2731407487,99.972370193,1.0
0.310093138642,8.10070591206,98.9330928392,1.0
2.13342000905,9.10788399952,100.344122343,0.0
1.22484478571,10.0862001331,100.299449426,1.0
0.181488990648,11.6076414871,99.9790333199,1.0
0.156918517631,7.21442161963,97.0152638754,1.0
0.916748228,11.1803786147,101.407593378,0.0
1.78716098742,10.8310238976,98.0399562321,0.0
0.678106413991,7.86205214395,97.6664506696,1.0
0.241945764792,9.52670649555,98.254061784,0.0
0.82401424668,8.99920134539,97.5677758292,1.0
0.0981187394696,10.3765595397,93.8104539268,0.0
-0.827917518317,7.78751330113,97.6941536164,1.0
0.606036586179,10.2165133253,99.880746105,0.0
2.09749419913,9.2235785631,99.1987678899,1.0
-0.603886306801,6.77800497524,97.6724241419,1.0
0.482614672503,11.490169411,103.528735942,0.0
1.8914209345,9.05729063279,99.112558104,1.0
1.65386318227,9.7209522858,99.5312609917,1.0
0.229294183614,9.14241922922,98.2776177467,1.0
1.86006383211,10.2585326827,101.796305151,0.0
1.87396758595,9.43361106969,103.111294374,0.0
0.38327034416,9.27653801379,101.675610883,0.0
2.02105674891,9.21630760263,99.2127724512,0.0
-0.0165655219811,10.1497325077,99.6039579713,0.0
-1.11676174221,8.55176951219,100.368429441,1.0
1.34684477763,8.03495867999,98.3516052005,1.0
2.39624592573,9.29913745675,103.237296195,0.0
-0.408767163984,8.36540744395,99.0058078837,1.0
1.83728340313,11.8178306875,99.8905880515,1.0
0.2867173479,8.09805222024,98.28995633,1.0
2.13196124614,9.73892550001,99.724417448,1.0
1.35846946684,9.49340144517,101.070719883,0.0
2.33537321793,8.99797710273,102.536805861,0.0
-0.095231486054,8.71348332599,98.7044480421,0.0
0.382991609809,9.21892486474,99.1847698358,1.0
1.33566904401,8.69543921045,103.762131453,0.0
2.67731115086,9.70959935483,105.903325607,0.0
-0.0624984396866,9.00973135155,99.2862663742,1.0
3.1963894046,10.5586107381,100.226192478,1.0
-0.78306714112,6.60990710865,97.8614894158,1.0
1.57421412125,9.78711435562,97.8964609534,0.0
2.30286990625,9.40504221636,101.211513578,0.0
0.889892143376,10.0456992159,99.913789481,1.0
0.119874169778,8.75332814206,99.0611100516,1.0
2.65537156709,8.7880665898,99.7960128792,1.0
0.943911972867,10.0120074499,97.6493413479,0.0
1.1512464562,11.1973845224,99.4152369133,0.0
1.26175293432,9.36293001519,97.5077527218,0.0
2.85208146691,8.57510399065,99.5045347531,1.0
1.70246846342,10.6852978928,100.191208904,1.0
1.38553274426,10.110555421,103.229570471,0.0
2.02214991681,9.24150644474,103.406470923,0.0
0.0627326265394,9.44224643128,98.399482356,0.0
0.986175366802,9.47959282997,98.9337114554,0.0
-0.0769928822343,10.3454965916,99.3426414029,0.0
1.30327015985,11.8846355882,101.446221398,0.0
0.649768587115,8.48431668595,101.255865977,0.0
2.31367296851,8.96818651992,99.3447542,1.0
0.937389059311,10.317110302,100.412090568,0.0
1.53972994736,9.05503011906,98.630453978,1.0
1.31141754839,9.19387351203,100.010233141,1.0
0.646281413,9.69919397543,99.0901013914,1.0
0.565310618846,8.52321348925,98.6684281585,1.0
1.59037276715,10.5000950897,101.353822487,0.0
2.37856794637,9.67829494447,100.447579186,1.0
1.84349965157,8.16610223178,98.2930376798,1.0
2.44944279304,9.00714554236,99.5983666644,1.0
1.99542949736,11.157351409,102.892097412,0.0
1.38321711898,10.7441225688,100.430725783,0.0
-0.75395020142,9.64617896831,96.9060545991,1.0
0.336678636617,9.51467082491,96.9383509679,0.0
0.125314100429,9.63913555312,100.195279453,1.0
0.732013963671,9.67484354074,103.0007708,0.0
1.46195670273,9.72540126194,99.3257472015,1.0
1.69415661166,11.0186871555,101.968845348,0.0
0.577243528107,9.15441982913,100.78696091,0.0
1.35768937934,11.2676207887,98.9132247245,0.0
1.82240952801,8.98576465254,99.6117674616,0.0
0.22398907381,7.75857282064,101.971245044,0.0
2.94158604257,9.27899955748,99.6984423397,0.0
0.611195956871,10.8886353761,97.3734912603,0.0
-0.0401182164582,8.52852200219,100.033407661,1.0
-0.516834995151,8.95636197978,98.7424647666,1.0
0.640853968131,9.71363765098,100.119748114,0.0
0.908755717275,9.10574734923,100.931522534,0.0
0.319325936866,8.3490687607,98.2590703667,0.0
1.532399733,10.3503127126,103.01005923,0.0
1.14457115947,9.30504361846,99.8483839273,1.0
0.952383920931,8.37397890657,97.9485693817,1.0
0.630897796273,10.3662260541,98.9233028041,0.0
2.12211826462,9.42776192673,100.578512042,0.0
-0.0453262204836,10.7577305976,97.1516256921,0.0
1.53219743563,8.30087019653,97.6543798798,1.0
1.70754661842,10.1777318519,103.43458986,0.0
2.05604765585,9.96740177697,100.507681736,1.0
0.691572356321,9.63493914728,99.2754876819,0.0
0.0258931439508,8.01067711902,99.3126775128,1.0
0.353829106262,9.03474815238,99.3925910751,1.0
0.39618550959,10.1500249623,100.087326821,1.0
1.05989890271,8.81268324549,102.584541237,0.0
1.30604374261,8.56057751453,101.938772876,0.0
0.715260320216,10.0835711136,98.0866515253,1.0
1.15779653269,8.07839948316,99.6067190891,1.0
0.252142033841,6.79841618589,97.5085165342,0.0
1.02786744563,9.05564103914,102.298165992,0.0
2.3026971384,8.31957972667,98.8972009544,1.0
0.168923274097,10.1164632964,100.169910435,1.0
1.67142587363,9.75988649749,98.5998537686,0.0
-0.71399161803,10.0249157357,98.5911224798,0.0
-0.67315240403,8.96133341543,95.0089952865,0.0
-0.278572003146,7.61035854422,98.5172164093,0.0
1.87915840077,10.2454882613,100.0296886,1.0
1.03620687654,8.67592583877,102.130666798,0.0
1.35120097794,9.61661546603,97.7771744818,0.0
-0.143783969788,8.4183227222,98.6155676702,1.0
1.55025610084,9.78789778821,99.0038902674,0.0
0.210920797431,8.88098071054,98.0741673804,1.0
-0.553316603572,6.66226840927,98.130568539,1.0
0.792025231242,9.93336098428,99.6332689886,0.0
1.32060506345,10.8133220341,102.321571423,0.0
-0.668508462289,6.90773558929,96.282249523,1.0
1.04524234232,8.59059204851,102.248530878,0.0
2.12445429132,10.0198690217,99.3823367485,0.0
3.77771351654,9.74763836862,99.1740706489,1.0
-0.747384166926,7.56166557693,99.8131615997,1.0
2.15875917566,11.538775015,101.317200207,0.0
0.408683519929,9.52912205939,99.0748760588,1.0
1.29793240892,9.0309900398,99.9994755785,1.0
1.24250682145,12.003788666,104.268950333,0.0
0.69676999984,9.92425483981,101.075569056,0.0
-0.109974067519,6.09763620764,100.212907133,0.0
0.882854947307,10.0483797649,101.397691405,0.0
1.02394774152,9.58234323331,103.543625171,0.0
1.22982350059,6.35831735531,99.0448250199,1.0
0.157485139474,7.95673514452,98.7272079393,1.0
2.65092833147,12.5360480512,102.602322723,0.0
1.77670747155,8.84844546999,100.519347131,1.0
0.926107946689,9.78622049017,100.990511069,0.0
1.14409095915,8.73726627691,99.412005413,1.0
2.76624641919,10.9457885964,105.185835394,0.0
0.361689293603,10.6589154863,100.533437662,0.0
-0.812816998978,8.97648165438,97.7022603952,1.0
-0.280193942565,7.11615378524,97.6765301566,1.0
1.48327845103,10.1520264423,98.8635088629,1.0
-0.425267834173,8.05113770796,103.744649612,0.0
1.14950336524,8.18458482312,102.197602057,0.0
0.895747097536,10.1172443916,100.752527278,0.0
0.409234854237,10.38869305,99.0875782688,1.0
0.90844862335,7.49484431217,97.9556215002,1.0
1.33186710765,9.99982248501,98.4657827872,1.0
0.930044286719,8.14528441846,98.6154914477,1.0
0.691904498625,9.01446069516,96.8622236177,0.0
2.31758049581,9.02739400065,99.5262187143,1.0
-0.666702904624,10.0359329071,100.489755364,1.0
1.4159090228,7.90992573441,98.3561054545,1.0
0.975571570865,12.7537574166,100.090461554,0.0
0.775141763395,6.06234317398,97.545747176,1.0
0.28350721293,8.42165781856,98.7652993536,1.0
-0.747047570925,9.96543886184,99.1843067078,1.0
1.09722407164,9.71312689225,103.181121343,0.0
1.32702707979,7.88185563308,98.6578405867,1.0
0.664739576492,8.89400344294,99.1929116287,1.0
1.79861383989,9.29076173078,100.375188161,1.0
-0.0845879990264,8.04651250533,97.6777358422,1.0
-0.0751368037724,9.2369965068,98.8256977081,1.0
0.0947926259614,9.11132794936,97.0604198348,0.0
1.0928144552,8.46288988313,98.9641613331,1.0
1.43385209915,11.511350702,100.412331856,1.0
0.182293123696,7.50658555543,98.4380034024,1.0
-0.245159370755,8.43321044411,100.131072314,0.0
1.32302676037,9.40506691083,102.809938519,0.0
2.59989635689,9.92673206138,99.1940880371,1.0
4.02505745101,8.54977163398,100.388111156,1.0
1.94069918438,10.2893317432,99.4436376605,1.0
0.431465491621,9.04675329911,102.215353289,0.0
0.358137300916,10.104142264,97.8027933502,0.0
-0.0248466800222,10.2585534175,95.9043850476,0.0
-1.37732599865,7.54074769689,96.4106344658,1.0
-0.12824062032,9.14134109385,98.9979828298,0.0
1.58220003305,9.13389803238,99.2831211593,1.0
2.48440656531,9.80169066446,98.2615923785,1.0
0.703636797304,8.68770766367,99.3782983329,1.0
1.85724888994,10.8416805762,100.714808212,0.0
0.86377910997,10.0095099321,98.9947492104,1.0
0.664504214999,8.73593143562,98.6782998363,1.0
-0.591727896667,9.43930513547,99.2391209712,1.0
-0.21294506058,8.80424157518,101.849676955,0.0
-0.513925692434,9.32719753052,96.1107710483,0.0
2.88999316754,10.6857140199,99.8731301187,1.0
0.789164012422,7.9992949257,98.38491608,1.0
1.56076151783,9.15682287429,102.423512841,0.0
1.16597281218,9.47207297679,98.4478998419,0.0
1.91776986316,10.0042115534,99.0664342863,1.0
2.05333091286,10.0874648005,98.5263844769,1.0
-0.438564930675,8.54599839167,100.237076848,0.0
0.209170447053,8.84539487586,99.426220286,0.0
1.26033488483,9.86858376412,101.075280767,0.0
1.60714546757,9.45672449974,101.914711366,0.0
1.9653367037,10.4784331257,102.428206849,0.0
-1.37831614787,8.26191207512,97.8285592117,1.0
0.757645250324,9.78627192235,96.9621022209,1.0
1.6231254906,10.2357158454,98.4913578201,1.0
2.21717129076,11.0414761232,100.51838916,1.0
-0.112256349911,8.1102731016,97.1081965029,1.0
1.80588567512,8.38307114852,99.1626646628,1.0
0.583113967005,10.4532626135,102.588606832,0.0
3.14489212188,11.9229680157,100.510850708,0.0
1.27116937562,9.59882385945,100.952991625,0.0
2.07054204496,10.6935691985,100.459382475,1.0
1.84034003083,10.7546964455,100.409614211,1.0
3.83387698673,9.44531616504,100.858061289,1.0
2.27922662741,11.7685259652,101.11454986,0.0
-1.37773123458,9.98377023515,94.4398245519,0.0
1.8092583075,9.27300430082,104.345552066,0.0
0.928184787864,9.58360428972,99.25572538,1.0
0.803038182652,8.72067354452,102.212577952,0.0
0.596688526428,6.5292741791,98.8220051384,1.0
3.11036047051,10.2012327398,99.3536075523,1.0
2.21047932272,10.4561880984,99.4977071256,1.0
0.768758528842,7.78329465943,99.9537327532,0.0
1.31876261338,11.0678533782,101.564553866,0.0
-0.0134789326429,9.03864887957,97.0318351147,0.0
0.121123194336,7.64004428127,99.0270048088,1.0
-0.244744583138,7.56493346279,97.7213697277,1.0
1.45879079449,7.9896997127,99.342041149,1.0
0.3457488778,9.07072504777,99.1604796752,0.0
1.25291442602,11.0545537646,98.906309123,0.0
-0.554762295072,8.82665233885,97.577975293,1.0
1.16467252135,10.3591133309,99.3886653816,0.0
0.831376248042,10.6780032993,95.5231476066,0.0
1.38440254813,11.3310325629,96.3265648946,0.0
1.42546918801,7.09882422096,98.421269913,1.0
3.03552880758,10.7000148079,99.8050866952,1.0
0.697586132344,10.8600301979,101.175318229,1.0
0.0597728160299,9.24563237074,99.0309309092,1.0
1.60350446468,10.3943998749,100.675633763,0.0
0.0181813146573,7.45508931282,98.8613634445,1.0
-0.519331034096,8.04844431083,95.1318970206,0.0
1.3267953961,11.285988672,99.8458890735,0.0
0.900998211273,8.84936331654,97.7823516437,1.0
2.94254494027,8.53509801257,102.746968831,0.0
1.14099134405,10.5342913081,100.952677087,0.0
1.65412174832,8.81900798873,99.3837618445,1.0
0.974349070531,8.87245299317,99.6775987853,1.0
1.67517573747,9.47650858517,99.388506423,0.0
1.23441351531,10.1580457407,100.028475676,1.0
1.16946265419,10.5016120719,96.0692123352,0.0
1.13596943364,9.71535936205,100.445431105,0.0
0.798239660971,9.58962496923,97.0654228063,0.0
1.38686750677,9.75399975439,100.350097547,0.0
1.2230468099,9.48602509857,100.909679636,0.0
0.937949268856,10.1453110709,98.2752656689,1.0
-0.502735522597,8.82564413916,99.2613101155,1.0
1.85595741792,9.08140896983,100.034259801,1.0
1.35890455169,9.6970567051,97.3735838688,0.0
0.806309865151,11.0827174929,100.77696081,0.0
0.355628937389,10.6781291626,97.0623365718,0.0
1.87712345067,10.2862695954,98.8937245966,0.0
0.469943191809,7.33977002429,99.2288557869,1.0
2.44328262539,9.46153848396,99.725802282,1.0
0.888827205702,8.10723610187,100.907113218,0.0
1.51372427543,9.59296793524,99.3542217347,1.0
0.343297584016,7.59585744064,97.5160372393,1.0
-0.179866385594,10.0070904899,96.2913039859,0.0
-0.53594274329,8.19114825296,95.1373878803,0.0
1.25381831496,9.25124047097,98.1001311976,0.0
2.17661267667,9.66900348059,100.503874655,1.0
-1.64993252345,9.25925873942,98.6154413975,1.0
0.911993405702,8.14729971659,100.280671147,1.0
0.575949241995,9.23456911309,99.624954551,1.0
2.87024758203,11.190528067,103.386896905,0.0
2.59655607882,11.2556443362,102.603506176,0.0
1.15987609685,9.95144365415,99.5535575927,1.0
2.33427870003,8.6984432315,97.8036365099,1.0
0.17783382268,8.46645316174,98.4554451227,0.0
2.98179572188,9.56000620227,101.024610114,0.0
0.239264934615,9.5739021128,98.4748345198,0.0
0.178194767043,9.93213903379,98.2113755743,0.0
1.63309869775,8.77870013159,102.22670983,0.0
1.46482646016,10.6571060119,99.7363948199,0.0
-0.0715664836849,10.6725312299,101.340213361,0.0
0.65079984441,10.2345999909,98.6375959993,1.0
0.783296612554,8.59218625023,98.1842285811,1.0
2.02609945532,10.0557378738,100.501862841,0.0
0.714722866495,9.66924943471,101.009822068,0.0
1.08300168229,10.3388488286,103.172244025,0.0
-0.798253435957,7.52828722005,97.8828277771,1.0
0.187247162205,9.11375656766,98.0175134744,0.0
0.982252123011,10.7124476157,99.2743804126,1.0
2.13389686308,9.22200083784,103.244580089,0.0
-0.228145917816,9.30686542557,98.4953542801,1.0
1.38210375109,8.91475817716,100.31934318,0.0
1.174846335,9.26145344351,98.2951857278,0.0
-1.13121112234,7.96211587441,100.066746401,1.0
0.366123613593,9.15241447764,98.0033809175,0.0
1.47937052126,7.80990003132,100.04383964,1.0
2.17638769994,10.2469423755,100.010667093,0.0
-0.87243177059,9.70067605504,96.1239113528,0.0
3.18844583034,9.77227603794,99.5315317487,1.0
1.86123068554,11.8920431745,99.7709709929,0.0
0.776498654528,8.99782011553,99.3474744214,1.0
-0.501301134653,10.4201060355,99.6257869699,0.0
2.27205238448,10.7548370531,103.368338715,0.0
0.299900636943,6.58003059094,97.9788923605,1.0
2.89237658696,9.22135750162,100.393597246,1.0
1.3524424871,11.2631089002,104.123839482,0.0
1.13371236978,10.4100296669,99.453527176,0.0
0.930833608874,6.26588770695,98.5507154521,1.0
2.75493298448,12.3930540616,102.645319795,0.0
1.1560937362,8.69932243174,98.7804470067,1.0
1.6799008706,9.76412762459,100.771982727,0.0
-0.720979166854,8.51002828056,100.266499849,1.0
1.34833719993,7.84888348517,100.092201274,0.0
1.83759668907,9.38411670979,99.6250644185,1.0
1.59632262001,10.5319316029,101.087865284,0.0
-0.439961901856,8.88276312431,98.163579116,1.0
1.82750456656,11.6039477827,100.431738307,0.0
0.870549447083,10.1091573971,101.390987497,0.0
0.756014637928,9.12911149457,98.9171792091,1.0
1.55155501362,10.1961748862,98.7463779791,0.0
0.932524184162,10.3664594416,100.582239759,0.0
-0.287278622954,7.62543941411,99.6160117449,0.0
1.45054733568,9.71629204422,100.250384731,1.0
0.442512350241,8.55348632495,97.6183877199,0.0
0.528671226664,7.84367047678,99.3006126549,1.0
0.985718102565,10.0323984949,99.6939859637,0.0
1.6040979891,9.402074707,98.9240658121,0.0
-0.141152049075,9.24701143444,97.9403225756,0.0
2.04988092331,7.99566978368,99.5130015536,1.0
1.22581764352,8.48106752241,99.2265654332,1.0
1.08168899999,11.2734376141,102.056482663,0.0
1.77751113236,10.4167300604,99.3791369047,1.0
1.42805625178,10.0790379906,99.4636990994,0.0
1.23993100423,7.78521139453,97.8946653704,1.0
1.6834051578,10.687587494,101.861118173,0.0
2.30224673276,10.3952869785,99.9868447872,0.0
3.07257871914,10.2569828783,99.0502361696,1.0
1.3349618503,10.7979557027,100.257247515,1.0
1.36495318756,8.40774251768,98.5884939305,1.0
-0.77448115555,9.52611060868,99.6036375092,1.0
3.31828083302,9.51629235656,100.423148717,1.0
0.826562443262,9.92865494727,101.494518291,0.0
1.90811666852,9.36055641112,99.5975566228,0.0
-0.388692011476,9.20630744248,97.2273559577,1.0
0.820917429891,11.8148555811,99.5594975579,0.0
1.34891593337,11.0828636487,100.378530841,1.0
0.977002056629,9.16779466831,100.153983773,0.0
0.787253082691,7.95617360144,98.3588132477,1.0
1.17645992703,10.1736186557,96.6633479807,0.0
0.361060384125,10.2732757362,101.418658812,0.0
2.56200884198,8.83710537097,103.560294457,0.0
0.27607622221,9.1225226192,99.2076939759,1.0
1.46934681555,8.49909273657,98.3586087392,1.0
1.0608536559,9.77836610597,98.4128608377,0.0
1.25678276938,9.41970935695,99.7886698539,1.0
0.898136276319,9.81615811034,98.8554336697,1.0
2.85800103306,11.7166605402,101.28719215,0.0
1.85756656768,9.81031071049,101.424895806,0.0
0.289262375156,8.52297839787,99.0327687995,1.0
1.70548063333,11.8377771912,103.009168734,0.0
-1.45368354683,7.4162123291,98.1209700462,1.0
0.193820216886,10.0766729452,98.5885848371,1.0
-0.501989416245,9.58356124515,98.32679065,1.0
1.74006597831,8.09845352689,98.9800250292,1.0
-1.00678356043,9.31257792889,101.229414403,0.0
0.595402044297,10.3003360809,99.446965256,0.0
1.15517836757,9.0684743442,100.248087466,0.0
1.04855293121,9.95359702463,99.3772400346,1.0
0.305812718908,9.80356418818,98.2525384212,1.0
1.06863695576,8.56783019317,98.6102134844,0.0
3.28886451933,8.59695222792,98.2700793129,1.0
3.72584538079,9.5387392062,100.999233181,0.0
1.31479780488,9.89780016896,100.973083444,0.0
1.30186148114,12.7549466732,99.3834435854,0.0
0.775275964898,10.6614607788,96.178355405,0.0
-0.496995221657,8.16433080612,101.090727972,0.0
1.05023016605,10.6084401497,98.8512307481,1.0
2.07445997272,8.20572726456,100.069215438,1.0
0.622026946742,9.28923313978,97.3521794511,0.0
0.821402749523,9.12182567944,99.3664265577,0.0
1.05874590664,9.06459004331,99.1448536221,0.0
1.24604008151,8.52287768064,98.0965850671,1.0
2.2212428049,10.5138529708,100.027447749,1.0
0.68310272786,11.768638976,100.792973389,0.0
0.175639952553,9.92437973075,98.6065672976,0.0
0.641120884225,11.2486733846,100.626780926,0.0
-0.277912139638,9.17820657142,98.4330265029,1.0
2.0530557548,10.4173152985,100.769326626,0.0
0.108196354401,9.26969754771,100.175788914,0.0
-0.899960491867,7.63355690013,102.787384379,0.0
-0.137093872288,9.08579526637,96.6787942254,0.0
1.6453717759,10.7080311483,99.370738473,0.0
1.81916017984,9.80446273157,100.488453312,1.0
1.58692405191,9.72924237281,99.8934290621,0.0
1.63573496745,10.0821362142,99.3174691228,1.0
-0.0745688437685,11.4489344285,98.5543822675,0.0
0.181186414646,8.42072353065,96.7519560828,0.0
1.21304458602,8.18810680646,99.3590337466,1.0
1.56786957483,10.5522690594,99.2213519329,1.0
1.71840744258,9.5958572108,100.670243312,1.0
0.703141809847,6.68001785831,98.6593395208,0.0
1.60086044242,9.8700418996,99.6348140712,0.0
2.23656863182,10.1655256947,100.444538025,1.0
0.0648147596572,10.8738256951,100.205507863,0.0
2.38395780547,8.32020360946,100.109022083,1.0
-0.273097204074,8.66346040634,97.6614665804,0.0
0.923756330738,8.79310820125,100.868823775,0.0
0.727346400489,9.64540099381,100.055681058,0.0
1.82023266416,9.72733592592,103.97959224,0.0
0.970226200936,7.43006485761,97.9414384697,1.0
1.11292693368,9.12128051152,97.8870428099,1.0
0.559206682895,9.6136902543,98.7918542086,0.0
1.11417187709,10.868479104,100.44046013,0.0
0.545323807157,9.28701928126,99.5923257302,0.0
2.54749183019,10.0754134982,101.668442071,0.0
-0.131913913548,8.28741662494,101.561589394,0.0
2.21498603349,10.9813954785,103.297140508,0.0
2.91287620812,11.7878633258,104.442875326,0.0
2.01581596098,10.6102879697,101.416548958,0.0
1.71028766268,6.59666531755,100.285738109,1.0
0.484444380425,8.82489879794,99.1695894202,1.0
1.1270602621,9.71408443116,97.4320315075,0.0
2.8237561086,7.7759809292,98.9887937068,1.0
1.49906850547,8.90539559324,98.6862560566,1.0
0.640465668924,10.2650704697,100.357176057,1.0
0.913165915925,11.3477404117,98.8439089071,0.0
0.098290436745,9.83613810482,98.5071008652,1.0
0.137723049925,9.3123300849,98.1843466967,0.0
1.02451954126,10.9110262166,98.7344274719,1.0
2.48019157536,11.8309798046,102.814328762,0.0
1.28488452785,7.79092753302,99.3563855814,0.0
1.58222157336,9.05644483348,98.8484893226,0.0
1.11702140423,12.3715396489,100.8428183,0.0
1.14285193689,10.2570973687,102.309503051,0.0
0.741600058125,9.8344732593,97.7235522012,0.0
0.158789026024,8.38261512193,99.3598923727,1.0
-0.301869125497,9.26111220075,101.285448567,0.0
2.82769150253,11.1518039481,101.614048948,0.0
1.93705317177,10.7504255163,101.099522669,0.0
-1.65281006755,8.71897299574,95.5918395695,0.0
1.52293298723,7.73082736592,99.1764965043,1.0
2.46290317062,10.7409290876,101.46139304,0.0
0.735582100989,10.0942455304,102.595109293,0.0
0.688740174622,9.26033811915,96.5622409915,1.0
1.23456702794,9.56213101693,98.898614766,1.0
-0.449771042222,8.44260803338,97.8930098946,1.0
0.36859795553,9.29556245763,98.7563669914,1.0
0.994639409962,8.90689328216,99.4507896266,1.0
-0.122017668604,9.73331373994,97.9316603883,0.0
0.777093285914,9.30239957574,103.408238153,0.0
-0.379928700551,8.21213866385,97.4994535428,1.0
1.03769043906,9.21023688398,99.6057627713,1.0
-0.571278038792,8.55062586048,97.846093417,1.0
1.23791605233,9.97204385156,98.9620079383,0.0
1.26614875329,9.19125209366,99.2494369209,0.0
1.44069128456,10.0469344032,102.612232617,0.0
1.37385013148,8.44508139175,104.360421659,0.0
0.961460422051,9.78145791548,98.9381021003,1.0
0.931618216849,9.89651888356,98.4215841766,1.0
1.69234630644,10.0938467785,103.940594522,0.0
0.604552475795,9.51178065677,97.2708307715,0.0
-1.4823483406,9.94687073916,98.086959436,1.0
0.392189141248,7.99725429449,100.915166485,0.0
0.580862853215,9.8057380508,102.660321316,0.0
0.641593509176,9.96075179024,99.077373329,0.0
-1.1191620265,7.42435367193,99.5253179099,1.0
1.95486043131,10.3079487781,101.251246543,0.0
3.26109565975,10.0468287397,102.659474557,0.0
1.34376211751,9.28429181732,99.6623602228,1.0
2.55889779146,10.4226769126,101.974956779,0.0
0.204298331662,9.9682097359,97.3273689802,0.0
2.41595364803,11.04373494,99.5300945207,1.0
1.62359524105,11.0964706975,99.2923048684,0.0
2.50340416489,10.6339679306,99.3034378538,1.0
0.535877234364,8.52762756803,97.9570486832,1.0
0.368656417329,9.83680747502,102.831630876,0.0
2.37169809954,8.55024471555,103.018176776,0.0
0.881082704204,8.94557193731,100.362874736,0.0
0.911858006922,8.723139482,99.9334818656,0.0
1.28350791142,9.71624302912,99.9364698647,1.0
0.23127184477,10.0330326088,97.9609143874,0.0
2.25211356069,9.75555059667,99.409495135,0.0
0.401776981186,8.023377832,101.635349192,0.0
2.86699117345,6.68138199904,99.5803875083,1.0
1.11346281682,8.37079073287,99.1795548496,1.0
0.949179801694,9.48433337984,100.269654638,1.0
0.579192156132,11.128027203,97.9865249499,0.0
2.54992475162,10.2913327005,99.8045252664,1.0
0.0356153677671,9.52984238969,98.7356140659,0.0
1.82152510909,7.72139446526,98.6323712526,1.0
0.564227204319,10.1830815244,99.4016101189,1.0
0.229458243925,9.57710444924,98.3945344209,0.0
0.642511112568,10.7007802564,98.9695493925,0.0
0.144519869037,8.41371344999,98.4868400819,1.0
3.17856434144,9.84170422292,99.7131193263,1.0
0.877392773033,7.92335826327,99.9286221282,1.0
1.61233633104,10.6592332615,99.3909868127,0.0
0.914925055393,8.49048131007,98.4174623042,0.0
2.59771930286,9.19970056998,100.369413427,1.0
2.38891056255,9.42292201585,98.53145663,0.0
-0.17831629884,10.3811343553,98.0719328501,1.0
1.73836624481,9.70856513038,99.1348075284,1.0
1.62943443512,10.7040269518,98.8563767685,0.0
-1.60525496755,10.5168207269,95.0144900592,0.0
0.205036719484,10.450937146,97.883279493,0.0
0.290458345197,9.14160146697,97.9028070746,1.0
1.64407681588,9.43207003666,98.3883221056,1.0
0.852057261532,10.076244839,102.674202223,0.0
-0.6770455223,10.0831563308,96.2891346711,0.0
-0.482181399305,9.63175383405,98.7083678894,0.0
1.42900455226,9.51125311148,102.440810912,0.0
2.32429396848,8.66470383164,99.9927897034,1.0
0.564674915382,8.7059796272,98.7811506295,1.0
0.593250887623,6.22431322186,95.586760041,0.0
0.248704920147,9.53099373332,100.367910724,0.0
2.05842240085,8.81819659227,98.3010965396,1.0
0.34722608071,5.8034320741,97.5838269428,1.0
-1.14270764557,7.20856477398,97.6567835122,1.0
1.38926710533,8.65035354056,99.1693386208,1.0
1.70411203584,10.4089386626,103.390594377,0.0
-0.950062960712,8.59511930009,98.3879926622,1.0
1.89961509008,11.4956913892,100.431107871,0.0
0.49384950863,10.8086139134,96.2093999952,0.0
1.9050573595,7.87085334744,98.6505483403,1.0
0.82376493403,9.99219760442,95.7862363585,0.0
0.288178736975,9.50664791991,100.732218892,0.0
2.77530163023,10.9201712147,103.815265018,0.0
0.490176828345,9.04904085444,98.0256984092,1.0
0.757274667528,6.97000387927,97.5738705793,1.0
1.41852666817,10.0679730228,104.461768559,0.0
0.193738892689,8.63139291881,98.1900481492,1.0
1.7123332469,10.315631848,99.4766133927,1.0
1.31890953451,8.49427732654,102.261013576,0.0
1.49682225364,10.0400116677,100.119254177,1.0
-0.546482130502,9.85755801636,98.9553286601,1.0
0.0888695766928,9.25986053808,99.6244842665,1.0
0.239092968589,10.3778615084,100.459525589,1.0
1.02355624462,8.65419475714,98.3150878354,1.0
1.21047102116,10.2557554888,99.4129106212,0.0
4.55954039523,12.5207737435,106.336392319,0.0
0.120070413534,9.01619219543,95.7188422095,0.0
-0.61988564527,9.22394819059,98.1214593945,0.0
0.291103701062,10.1513056149,100.140627745,0.0
-0.235723985166,7.24177187926,96.6938956172,0.0
1.3984243102,11.9576441317,100.076236763,1.0
0.546717063953,9.2242061695,99.0736662635,1.0
3.35052599068,8.01125189127,97.8359180965,1.0
-0.951082918074,7.30538280204,99.42437677,1.0
0.0556312168371,8.70190581341,98.2730779008,1.0
1.0061062837,10.7057802076,100.346650548,1.0
0.799993347101,9.73093104615,101.948248074,0.0
0.98611323973,7.36069203474,98.2859572448,1.0
0.638845035389,9.22282314417,97.0720493302,1.0
-0.318631722953,9.47921589052,98.3273676892,0.0
1.19886369795,10.3511609924,100.98849972,0.0
0.618320224784,9.28962124816,97.0676282905,1.0
0.975721338063,9.90986454922,102.607297576,0.0
-0.347933375004,7.50585347736,97.7959090651,1.0
2.534307514,9.83361310836,101.128750116,0.0
1.0204391653,11.0227558578,101.304133831,0.0
0.419922658215,7.54213788018,98.6845335344,1.0
0.400767164043,10.8422968437,101.927378765,0.0
1.15480748035,10.9477667911,101.242872323,0.0
1.6024504179,9.92310956878,100.128268699,0.0
-0.0905286946728,6.90936346713,98.4259029033,1.0
1.87687979434,7.73492031974,102.99950887,0.0
1.59375552403,9.27504684375,98.6965679578,0.0
2.97319505398,10.0765721587,98.910792968,1.0
1.58331937067,8.67977394313,99.037968324,1.0
1.93622098662,9.31365706629,98.2821589104,1.0
1.10342016442,9.23711115866,99.5072815658,1.0
0.353440402049,8.93883517209,101.690413441,0.0
2.70108732112,9.5448996777,99.330684568,1.0
2.96266821916,10.0603557801,99.4133443431,1.0
-0.705315040955,9.92508549881,99.533286701,0.0
1.36270552546,10.1656684319,100.940103188,0.0
2.91239750019,11.7053125654,104.533007242,0.0
-0.113562910482,10.6599748404,97.4996708544,0.0
0.830563982339,9.45275174046,99.1714462149,0.0
-1.6563437909,8.5243467892,98.2872796525,1.0
-0.14809519979,7.85341958012,98.1424874213,1.0
1.60724552446,12.1515163972,100.705542812,1.0
2.05975371921,10.6569879023,105.851161669,0.0
1.22878244033,10.2467161376,101.046619957,1.0
2.0684979095,8.27654811899,98.9840434729,1.0
0.283752800781,8.08745987083,99.265088419,1.0
0.781408856334,9.69663198452,100.576126469,0.0
0.810823683006,9.65748015695,98.3003596057,1.0
1.17732915813,7.46097377941,99.1113442866,1.0
3.2457289155,10.1282653627,100.475538495,1.0
-0.00247825244669,8.97197685429,97.576865935,1.0
1.65052797278,11.5080243501,99.8687161369,0.0
1.42534052443,9.43922498776,99.6797992279,1.0
-0.963447763429,9.00486619799,96.1443678016,1.0
-0.206905821293,8.87234675189,99.0047827072,0.0
1.16918563014,9.44501123677,99.3629480846,0.0
2.29576581213,8.64563482933,99.5438334574,1.0
2.75169716791,8.88002467358,100.183442732,1.0
2.3774992821,9.23242313843,98.9151695901,1.0
1.17320765677,9.59194167061,98.4615359808,1.0
0.962183654857,9.41500825693,99.6008194911,1.0
1.96523651335,8.89474097252,99.5842578513,1.0
-0.75211724695,6.73371871023,97.9202007627,1.0
1.49480220426,10.1751775809,103.570617053,0.0
0.32142963431,8.73541632605,99.7530734867,1.0
1.87398070183,7.60212260016,100.573839704,0.0
1.55476718994,10.7098066458,100.758628237,0.0
-0.569532421743,8.57693183828,98.6756221221,1.0
0.137242293377,11.0899046214,100.139290705,0.0
-0.984164235151,9.47199045889,98.3860874377,1.0
1.28631295079,9.47811215636,98.9719798818,1.0
0.871166198403,10.9086010314,99.3563148875,1.0
1.55678875953,11.0410557419,100.175144141,0.0
0.632364652942,7.51620454791,96.9618299682,0.0
0.440265622847,10.0343917427,99.8006517596,0.0
2.66116098086,9.07293064436,98.8252718187,1.0
1.37517362785,9.64437226361,100.090246636,0.0
2.78896286701,7.3890402262,98.1551288885,1.0
1.42863822831,10.150464841,102.541123951,0.0
3.05016991829,9.12910814274,100.122079765,1.0
-0.231462248668,10.9514154321,97.5055477027,1.0
1.74223440029,11.1298703054,99.5091344883,0.0
0.203988011317,8.75897798398,100.21220844,0.0
1.13624636251,9.47070075177,99.559165817,1.0
0.825799855604,8.97561028443,100.584903011,0.0
0.385700818546,8.79459047907,99.7489841196,1.0
1.67058091546,9.19509073414,99.1029112775,1.0
0.244119685029,10.5967083392,95.8548092997,0.0
-0.124848361776,7.89742589603,99.0766730661,0.0
1.38170607072,9.07975797514,99.2385722605,0.0
1.54780029881,9.27939152358,99.5523957448,1.0
0.577910996332,9.53606335268,99.9148757743,1.0
1.51389167622,8.85026121193,99.5604702667,1.0
2.51268674157,10.3812359553,101.284381369,0.0
2.24334389196,11.5647929351,101.421506193,1.0
1.87955091568,8.31533771411,98.9164356934,1.0
1.37177443873,10.3017464067,101.844149379,0.0
1.09172365731,10.8659656516,98.8691282826,0.0
-0.589663475211,6.72465924786,98.7642331003,1.0
0.801503627973,8.41367574368,98.3104502182,1.0
1.17786123127,8.14914036063,99.1752274919,1.0
0.0741676912471,9.01628749904,98.8210500649,1.0
0.533712637627,8.24108109095,101.821052244,0.0
0.698132061722,12.28143409,100.740584947,0.0
2.70792574194,9.68488883502,98.0538360386,1.0
0.868510927109,9.48746029034,97.9512382026,0.0
1.30046294737,10.9779499618,99.156337889,0.0
1.147013347,8.26193403139,98.6230069336,1.0
1.08173497539,11.0998341221,97.9246500963,0.0
-0.211244704967,10.3929118144,99.4366361515,1.0
0.512978811936,9.35967412072,100.555772283,0.0
1.06945901472,9.81377327127,99.9203461984,1.0
2.3493149469,9.90313739295,99.5495405739,1.0
4.17097479569,10.6335130244,100.278871251,1.0
0.61466173736,8.94248185972,101.648707327,0.0
0.244355015134,9.97216071892,98.8519562637,1.0
0.914434938983,8.01685388885,99.4179904995,1.0
-0.746957128535,9.52486391058,98.369550845,0.0
0.950944323243,8.65518989254,103.774582366,0.0
0.956390036079,8.09811880424,100.82400723,0.0
0.355127987263,9.70153194282,96.9440219655,0.0
3.4583527491,9.27843278258,99.2578169916,1.0
-0.186631730613,7.66034409115,96.9190858014,1.0
2.31326368402,7.04324215011,98.6989517408,1.0
1.23248550137,10.388382022,99.3417142524,1.0
0.797327793952,8.77906211124,97.1339137407,0.0
1.908869835,9.61189838884,99.3427704859,1.0
-0.598286076399,10.0905571565,96.7194467249,0.0
0.438356611024,9.04801752719,97.4300423778,0.0
0.585182188133,8.41220409609,97.5947352983,0.0
2.75760858364,10.4274458645,100.450593549,1.0
2.35552528409,9.15327903189,100.322996371,0.0
1.76709527746,9.31674159778,99.3214283937,1.0
1.89758173016,11.6580517333,103.927771164,0.0
0.739544028815,8.99808542522,100.751711617,0.0
2.7052257473,9.93676393749,100.770648078,0.0
2.17966485424,9.50385459141,98.1876605988,1.0
0.497862191761,8.19666183645,98.3264003302,1.0
1.06044404863,10.0730906369,98.298380833,0.0
1.37756969163,9.24514562514,99.6758136172,1.0
1.33182770542,10.5729980151,100.876866678,0.0
-0.423291156012,7.16445202901,99.2339286674,1.0
1.2000259509,9.6646891987,99.9188585602,1.0
0.909963374211,8.76295016037,100.416629406,0.0
1.05868202481,9.65083398492,96.7248779289,0.0
-1.21089693872,8.22613910312,98.0231607691,1.0
2.4026696095,12.2243770156,100.788029124,0.0
0.136135373711,9.61479043215,98.6161753606,0.0
0.917725842344,7.47925486169,98.6380537107,1.0
1.11426725409,10.0246754619,100.024397178,0.0
-0.933860481278,10.3830808675,98.6350553283,1.0
0.0522637058309,9.36602465906,98.2650833618,0.0
-0.487062519664,8.11061686777,101.647471501,0.0
-0.360322936885,9.63715410281,98.6970400852,1.0
1.31424422222,9.6210112104,99.2947875154,1.0
0.617084707964,7.47300603503,97.3635788706,1.0
1.57381363957,10.3873216989,101.654717409,0.0
0.555269569478,9.76111630861,98.771480047,1.0
0.46167649794,9.61295262795,99.8333871559,0.0
0.727100526612,8.73146958139,101.636177987,0.0
0.948387362069,9.45655641066,101.212361412,0.0
1.54434664137,10.4333593745,96.6710417768,0.0
1.34519855222,8.38483448329,98.5403547998,1.0
3.03488572306,11.8280684767,101.530599665,0.0
0.657291445347,8.68357045325,98.6590156259,1.0
0.288614699295,9.71715512149,98.4424578691,1.0
2.84314390619,10.2208921608,100.988408264,1.0
0.917544904912,9.30803118207,98.2186012787,1.0
0.971199490075,11.281737554,101.801554884,0.0
0.723331237644,8.42625010306,98.3094367531,1.0
-0.102756443889,8.61188846999,101.581170684,0.0
1.27808554331,8.83993576175,98.1881131885,0.0
-1.50292682228,9.69894753043,98.787387941,1.0
1.34885624453,10.2305231632,98.8868327,1.0
-0.838496651904,8.63826324295,101.284076241,0.0
2.10489955357,9.7373722322,98.2443665692,1.0
1.39569330505,10.8515102188,97.8266400571,0.0
0.899182231952,9.05877793396,98.9108701841,1.0
0.833932495341,9.45801175624,98.3153735186,1.0
0.567263764029,9.70450541428,102.940006134,0.0
1.7649927435,10.3536492055,102.221595006,0.0
2.80714174618,10.1822761851,100.140601042,1.0
-0.0896224646422,10.1286412831,99.3881910946,0.0
1.5855969529,8.55455175964,99.335374889,1.0
0.155750575217,10.3422427451,98.4878550317,1.0
1.82593518435,12.5212745024,100.122569953,0.0
0.210312565742,9.95755868197,100.511052895,0.0
1.65556919457,11.4571228298,95.7895640359,0.0
0.131971628744,9.80341144375,100.039189699,1.0
1.88791106874,9.34981817892,99.5098171758,1.0
0.684965775513,9.32318601835,95.8986041119,0.0
-0.215065790001,5.97355458713,98.2512165722,1.0
1.05209493678,11.6700105765,100.147629553,0.0
1.03233102614,7.64344384246,99.0014269625,1.0
0.525038079716,10.1404324772,102.633250691,0.0
0.921088808492,9.51824538668,97.8510729264,1.0
1.40912616849,9.0316049527,98.1679598948,1.0
