0,0.0306700864,2.6242573354,-1.0635944124,-0.335431777,1.1347213389,0.921619794,-1.5452320462,-0.2778007733,0.3936614816,0.7030605487,0.1484506156,-0.2166562,-0.0354289029,0.2613659753,0
1,0.8370961258,1.7210732168,-1.0086915112,-0.335431777,1.1347213389,-0.4062059632,-0.7900795479,-0.9001670164,0.3936614816,0.7030605487,-0.1459182428,-0.2166562,-2.2221189982,0.2613659753,0
2,-0.0426413717,-0.0852950206,0.2450747414,0.1813288433,-0.4200531736,-1.7340317203,-0.286644549,-0.2778007733,0.3936614816,0.7030605487,-0.1459182428,-0.2166562,-0.0354289029,0.2613659753,0
3,1.0570305002,-0.0852950206,0.4257948175,-2.4024742584,-1.1974404299,-0.4062059632,-0.286644549,-0.9001670164,-1.962590633,0.7030605487,-0.1459182428,-0.2166562,-0.0354289029,0.2613659753,0
4,-0.775755953,-0.0852950206,1.4081540966,-0.335431777,1.1347213389,-0.4062059632,0.7202254487,2.2116641993,-1.962590633,-1.4223089181,-0.1459182428,-0.2166562,-0.0354289029,-5.3528577345,0
5,-0.1159528299,-0.0852950206,0.8981871485,0.4397091535,1.523414967,-0.4062059632,-0.7900795479,2.2116641993,0.3936614816,-1.4223089181,-0.1459182428,-0.2166562,-0.0354289029,0.2613659753,0
6,0.7637846677,-0.0852950206,-0.2803540764,-1.1105727075,-1.9748276861,0.2577069154,0.2167904498,-0.2778007733,-1.962590633,-1.4223089181,-0.1459182428,-0.2166562,-1.979153432,-2.3806216528,0
7,0.983719042,1.7210732168,0.1881917355,0.1813288433,-0.4200531736,-0.4062059632,-0.7900795479,-0.9001670164,0.3936614816,0.7030605487,-0.1459182428,-0.2166562,0.3695137073,0.2613659753,1
8,-0.5558215786,-0.0852950206,-1.3642576688,0.4397091535,1.523414967,0.921619794,0.7202254487,-0.2778007733,0.3936614816,-1.4223089181,1.7611153367,-0.2166562,0.7744563175,0.2613659753,1
9,0.2506044608,-0.0852950206,-0.2873460248,-0.335431777,1.1347213389,-0.4062059632,-0.7900795479,-0.9001670164,0.3936614816,0.7030605487,0.5552050087,-0.2166562,-0.0354289029,0.2613659753,1
10,-0.1159528299,-0.0852950206,0.8591724552,1.214850084,-0.0313595455,-0.4062059632,-0.7900795479,-0.9001670164,-1.962590633,0.7030605487,-0.1459182428,-0.2166562,3.2041119789,0.2613659753,1
11,-0.6291330368,2.6242573354,-0.4593214283,-0.335431777,1.1347213389,-0.4062059632,0.7202254487,-0.9001670164,-3.1407166902,0.7030605487,-0.1459182428,-0.2166562,-0.0354289029,-3.0411185599,1
12,-1.1423132437,-0.0852950206,-0.6395677951,-0.335431777,1.1347213389,0.921619794,-1.5452320462,0.966931713,0.3936614816,-1.4223089181,-0.1459182428,-0.2166562,-0.8453141234,0.2613659753,0
13,-0.4825101205,-0.0852950206,0.144392579,-0.8521923974,0.7460277107,0.921619794,1.2236604475,-0.2778007733,-1.962590633,0.7030605487,-0.1459182428,-0.2166562,0.7744563175,0.2613659753,0
14,0.1039815445,-0.0852950206,-0.6443048876,-0.5938120872,0.3573340826,-0.4062059632,-1.0417970473,-0.9001670164,-3.1407166902,0.7030605487,-0.1459182428,-0.2166562,-0.0354289029,0.2613659753,1
15,-0.3358872043,-0.0852950206,0.5277938916,-1.3689530177,-2.3635213142,-0.4062059632,1.7270954464,-0.9001670164,-4.3188427475,0.7030605487,-0.1459182428,-0.2166562,0.3695137073,-1.8852489726,0
16,-0.9956903274,1.7210732168,-0.1233763076,0.1813288433,-0.4200531736,0.921619794,-0.5383620485,0.966931713,0.3936614816,0.7030605487,-0.1459182428,-0.2166562,-0.4403715132,0.2613659753,0
17,-0.4825101205,-0.0852950206,-0.0279902145,0.1813288433,-0.4200531736,0.921619794,-0.0349270496,1.5892979562,0.3936614816,0.7030605487,-0.1459182428,-0.2166562,-0.0354289029,0.2613659753,0
18,-0.0426413717,-0.0852950206,-1.5243145477,-2.4024742584,-1.1974404299,-0.4062059632,1.2236604475,-0.9001670164,0.3936614816,0.7030605487,-0.1459182428,-0.2166562,0.7744563175,0.2613659753,0
19,0.3239159189,1.7210732168,0.9701246341,0.4397091535,1.523414967,-1.7340317203,-0.7900795479,1.5892979562,0.3936614816,-1.4223089181,-0.1459182428,-0.2166562,0.3695137073,0.2613659753,1
20,0.1039815445,-0.0852950206,0.0354868241,-0.0770514668,2.3008022232,-0.4062059632,0.7202254487,-0.9001670164,0.3936614816,0.7030605487,-0.1459182428,-0.2166562,1.584341538,0.2613659753,1
21,1.1303419583,-0.0852950206,1.0645917312,0.1813288433,-0.4200531736,1.5855326726,0.2167904498,1.5892979562,-1.962590633,-1.4223089181,-0.1459182428,-0.2166562,-1.6551993438,0.2613659753,0
22,-0.2625757461,-2.7948473766,-1.0699515905,-1.1105727075,-1.9748276861,-0.4062059632,-0.5383620485,-0.9001670164,-1.962590633,0.7030605487,-0.1459182428,-0.2166562,-0.0354289029,0.2613659753,0
23,0.3239159189,-0.0852950206,-0.6891651528,-2.4024742584,-1.1974404299,-0.4062059632,1.7270954464,-0.9001670164,0.3936614816,0.7030605487,-0.1459182428,4.8508415466,-0.0354289029,0.2613659753,0
24,1.4968992489,-0.0852950206,-0.7651670637,0.1813288433,-0.4200531736,-1.7340317203,1.4753779469,1.5892979562,0.3936614816,-1.4223089181,-0.1459182428,-0.2166562,-0.0354289029,0.2613659753,0
25,1.2769648746,-1.8916632579,0.2564911341,-0.335431777,1.1347213389,-0.4062059632,1.4753779469,-0.9001670164,0.3936614816,0.7030605487,-0.1459182428,-0.2166562,-0.0354289029,0.2613659753,1
26,-1.4355590762,-0.0852950206,-0.2035468598,0.1813288433,-0.4200531736,0.921619794,-1.0417970473,0.966931713,0.3936614816,0.7030605487,-0.1459182428,-0.2166562,-0.0354289029,0.2613659753,0
27,1.1303419583,-0.0852950206,-0.0906429989,1.214850084,-0.0313595455,-0.4062059632,0.7202254487,-0.9001670164,-3.1407166902,0.7030605487,-0.1459182428,-0.2166562,1.584341538,-0.3991309317,1
28,0.0306700864,-0.0852950206,1.6814938038,0.1813288433,-0.4200531736,-1.7340317203,-0.7900795479,-0.2778007733,0.3936614816,0.7030605487,-0.1459182428,-0.2166562,3.2041119789,0.2613659753,0
29,0.7637846677,-0.0852950206,0.0339899029,0.1813288433,-0.4200531736,-0.4062059632,-1.0417970473,-0.9001670164,0.3936614816,0.7030605487,-0.1459182428,-0.2166562,-0.0354289029,0.2613659753,0
30,-1.1423132437,-1.8916632579,0.0088169937,-0.8521923974,0.7460277107,0.921619794,0.9719429481,-0.2778007733,0.3936614816,0.7030605487,-0.1459182428,-0.2166562,0.9364333616,0.2613659753,0
31,-1.3622476181,-0.0852950206,0.7222799583,1.214850084,-0.0313595455,0.921619794,1.2236604475,0.966931713,-1.962590633,0.7030605487,-0.1459182428,-0.2166562,0.2885251853,0.2613659753,0
32,0.4705388351,-0.0852950206,1.8679457617,-0.335431777,1.1347213389,-1.7340317203,-0.7900795479,0.966931713,0.3936614816,0.7030605487,-0.1459182428,3.2774852433,-0.0354289029,0.2613659753,0
33,-0.6291330368,-2.7948473766,-1.2300084694,1.214850084,-0.0313595455,-0.4062059632,-1.5452320462,0.966931713,0.3936614816,0.7030605487,-0.1459182428,-0.2166562,-0.0354289029,0.2613659753,0
34,-1.2156247018,2.6242573354,1.1533269466,1.214850084,-0.0313595455,-0.4062059632,0.2167904498,-0.9001670164,-1.962590633,0.7030605487,-0.1459182428,-0.2166562,-2.0601419541,0.2613659753,0
35,0.6904732095,-0.0852950206,0.4986039281,-2.4024742584,-1.1974404299,0.921619794,-0.0349270496,1.5892979562,0.3936614816,0.7030605487,-0.1459182428,-0.2166562,-0.0354289029,-0.7293793852,0
36,-1.2889361599,-0.0852950206,0.0703139276,1.214850084,-0.0313595455,0.921619794,-0.0349270496,0.966931713,0.3936614816,0.7030605487,-0.1459182428,-0.2166562,-0.0354289029,0.2613659753,0
37,-1.4355590762,-0.0852950206,3.3568233857,0.1813288433,-0.4200531736,-1.0701188418,-1.5452320462,2.2116641993,0.3936614816,-1.4223089181,-0.1459182428,-0.2166562,-1.2502567336,0.2613659753,0
38,-0.5558215786,-0.0852950206,-1.0007047734,1.214850084,-0.0313595455,-0.4062059632,1.2236604475,-0.9001670164,0.3936614816,0.7030605487,-0.1459182428,-0.2166562,-0.197405947,0.2613659753,1
39,0.6904732095,1.7210732168,0.7171828468,-0.8521923974,0.7460277107,-0.4062059632,0.7202254487,-0.9001670164,0.3936614816,0.7030605487,-0.1459182428,-0.2166562,-0.0354289029,0.2613659753,0
40,-0.5558215786,-0.0852950206,3.013706307,-1.1105727075,-1.9748276861,-0.4062059632,-0.0349270496,-0.9001670164,0.3936614816,0.7030605487,-0.1459182428,-0.2166562,0.2075366632,0.2613659753,0
41,1.0570305002,1.7210732168,-0.9594731209,-0.335431777,1.1347213389,-0.4062059632,0.7202254487,-0.9001670164,0.3936614816,0.7030605487,-0.1459182428,-0.2166562,-0.0354289029,0.2613659753,0
42,-1.0690017855,-0.0852950206,-0.1590845103,-0.335431777,1.1347213389,-0.4062059632,1.4753779469,-0.9001670164,0.3936614816,0.7030605487,-0.1459182428,-0.2166562,0.7744563175,0.2613659753,0
43,0.7637846677,-0.0852950206,-0.9013774194,0.1813288433,-0.4200531736,1.5855326726,-1.5452320462,1.5892979562,0.3936614816,-1.4223089181,-0.1459182428,-0.2166562,-0.0354289029,0.2613659753,0
44,-0.9956903274,-0.0852950206,0.9493287983,0.1813288433,-0.4200531736,0.921619794,-0.286644549,-0.2778007733,0.3936614816,0.7030605487,-0.1459182428,-0.2166562,-0.4403715132,0.2613659753,0
45,1.3502763327,-2.7948473766,1.4032843656,-0.335431777,1.1347213389,-0.4062059632,0.7202254487,-0.9001670164,-1.962590633,0.7030605487,-0.1459182428,-0.2166562,-0.0354289029,0.2613659753,1
46,1.0570305002,-0.0852950206,-0.4302925259,0.1813288433,-0.4200531736,-0.4062059632,-0.0349270496,-0.9001670164,0.3936614816,0.7030605487,-0.1459182428,-0.2166562,-0.197405947,0.2613659753,0
47,0.397227377,-0.0852950206,-0.5819458029,0.4397091535,1.523414967,-1.7340317203,-0.7900795479,1.5892979562,0.3936614816,-1.4223089181,-0.1459182428,-0.2166562,-0.0354289029,0.2613659753,0
48,0.1772930026,2.6242573354,-0.8353897219,-0.5938120872,0.3573340826,-0.4062059632,-1.0417970473,-0.9001670164,0.3936614816,0.7030605487,-0.1459182428,-0.2166562,-0.0354289029,0.2613659753,0
49,-0.7024444949,-0.0852950206,0.7739237399,-0.5938120872,0.3573340826,0.921619794,0.7202254487,-0.2778007733,0.3936614816,0.7030605487,-0.1459182428,-0.2166562,0.2075366632,0.2613659753,0
50,-0.9956903274,-0.0852950206,-1.4922160094,1.214850084,-0.0313595455,-0.4062059632,-0.7900795479,2.2116641993,-0.7844645757,-1.4223089181,-0.1459182428,-0.2166562,-0.0354289029,0.2613659753,0
51,-1.5088705343,-0.0852950206,0.3522277721,0.1813288433,-0.4200531736,0.921619794,0.2167904498,0.966931713,0.3936614816,-1.4223089181,-0.1459182428,-0.2166562,-0.8453141234,0.2613659753,0
52,0.6171617514,-0.0852950206,-1.3069009537,0.9564697739,1.9121085951,-0.4062059632,0.7202254487,2.2116641993,0.3936614816,-1.4223089181,-0.1459182428,4.5034127099,1.584341538,-3.5364912402,1
53,0.8370961258,-2.7948473766,0.5855674708,-0.335431777,1.1347213389,-1.7340317203,-0.7900795479,-0.2778007733,0.3936614816,0.7030605487,-0.1459182428,-0.2166562,1.1793989278,0.2613659753,1
54,0.6171617514,0.8178890981,-0.7574266547,0.1813288433,-0.4200531736,-1.7340317203,-0.7900795479,-0.2778007733,0.3936614816,0.7030605487,-0.1459182428,-0.2166562,1.584341538,0.2613659753,0
55,0.3239159189,-0.0852950206,0.4567943503,1.214850084,-0.0313595455,-0.4062059632,1.4753779469,-0.9001670164,0.3936614816,0.7030605487,-0.1459182428,-0.2166562,-0.0354289029,0.2613659753,1
56,0.5438502933,-0.0852950206,0.2547384099,-1.6273333279,-2.7522149423,-0.4062059632,-0.0349270496,-0.9001670164,0.3936614816,0.7030605487,-0.1459182428,-0.2166562,-0.0354289029,-1.8852489726,0
57,-0.2625757461,-0.0852950206,-1.2641060607,-0.5938120872,0.3573340826,-0.4062059632,0.2167904498,-0.9001670164,0.3936614816,0.7030605487,-0.1459182428,-0.2166562,-0.0354289029,-0.7293793852,0
58,0.1772930026,-0.0852950206,-0.4017657553,0.1813288433,-0.4200531736,-0.4062059632,-1.5452320462,-0.9001670164,0.3936614816,0.7030605487,-0.1459182428,-0.2166562,0.6124792734,0.2613659753,0
59,-0.6291330368,-0.0852950206,-0.0154653421,0.1813288433,-0.4200531736,-0.4062059632,-0.0349270496,-0.9001670164,0.3936614816,0.7030605487,0.532863306,-0.2166562,-0.0354289029,0.2613659753,0
60,-0.6291330368,-0.0852950206,-1.2343192235,-0.335431777,1.1347213389,-0.4062059632,1.2236604475,-0.9001670164,0.3936614816,0.7030605487,0.1799998079,-0.2166562,-0.0354289029,0.2613659753,0
61,-0.4825101205,-0.0852950206,0.9868086736,-1.3689530177,-2.3635213142,0.2577069154,0.7202254487,-0.2778007733,0.3936614816,0.7030605487,-0.1459182428,-0.2166562,-0.0354289029,0.2613659753,0
62,0.6904732095,-0.0852950206,-0.3802783041,0.1813288433,-0.4200531736,-0.4062059632,1.7270954464,-0.9001670164,0.3936614816,0.7030605487,-0.1459182428,-0.2166562,-0.0354289029,0.2613659753,0
63,0.2506044608,-0.0852950206,-0.6930021977,-0.0770514668,2.3008022232,-0.4062059632,0.7202254487,-0.9001670164,0.3936614816,0.7030605487,-0.1459182428,-0.2166562,0.3695137073,0.2613659753,1
64,-0.7024444949,-0.0852950206,-0.7975403534,1.214850084,-0.0313595455,-1.7340317203,1.4753779469,-0.2778007733,0.3936614816,0.7030605487,-0.1459182428,-0.2166562,1.4223644939,0.2613659753,0
65,-0.189264288,-0.0852950206,-0.324409036,0.1813288433,-0.4200531736,-0.4062059632,-1.0417970473,-0.9001670164,0.3936614816,0.7030605487,-0.1459182428,-0.2166562,-0.0354289029,0.2613659753,0
66,-0.775755953,-0.0852950206,-0.062561515,1.214850084,-0.0313595455,-1.7340317203,-1.5452320462,-0.2778007733,0.3936614816,-1.4223089181,-0.1459182428,-0.2166562,-0.0354289029,0.2613659753,0
67,1.0570305002,-0.0852950206,-0.1888429249,0.1813288433,-0.4200531736,-0.4062059632,-1.5452320462,2.2116641993,0.3936614816,-1.4223089181,-0.1459182428,-0.2166562,-0.0354289029,0.2613659753,1
68,0.7637846677,0.8178890981,0.0180259014,1.214850084,-0.0313595455,-0.4062059632,-0.7900795479,-0.9001670164,0.3936614816,0.7030605487,-0.1459182428,-0.2166562,0.7744563175,0.2613659753,1
69,-0.9956903274,-0.0852950206,0.1032935651,1.214850084,-0.0313595455,0.921619794,0.7202254487,0.966931713,0.3936614816,0.7030605487,-0.1459182428,-0.2166562,-0.0354289029,0.2613659753,0
70,-1.4355590762,-0.0852950206,-0.8362802953,1.214850084,-0.0313595455,0.921619794,0.7202254487,0.966931713,0.3936614816,0.7030605487,-0.1459182428,-0.2166562,-0.6833370793,0.2613659753,0
71,-0.5558215786,-0.0852950206,1.1387556503,-0.335431777,1.1347213389,1.5855326726,1.2236604475,0.966931713,-1.962590633,-1.4223089181,-0.1459182428,-0.2166562,-0.0354289029,0.2613659753,0
72,-0.7024444949,1.7210732168,-0.2603540722,-0.335431777,1.1347213389,-0.4062059632,1.2236604475,-0.9001670164,0.3936614816,0.7030605487,-0.1459182428,-0.2166562,2.3942267585,0.2613659753,1
73,-1.1423132437,-0.0852950206,0.2074811759,1.214850084,-0.0313595455,0.921619794,-0.0349270496,-0.2778007733,0.3936614816,0.7030605487,-0.1459182428,-0.2166562,-0.0354289029,0.2613659753,0
74,2.9631284115,-0.0852950206,-0.6161476102,1.214850084,-0.0313595455,-0.4062059632,0.7202254487,0.3445654699,0.3936614816,0.7030605487,-0.1459182428,-0.2166562,-1.6551993438,0.2613659753,0
75,-0.8490674112,-0.0852950206,0.2287317725,0.1813288433,-0.4200531736,0.921619794,0.2167904498,0.966931713,0.3936614816,0.7030605487,-0.1459182428,-0.2166562,-0.0354289029,-1.8852489726,0
76,0.1039815445,-0.0852950206,-1.4927939347,-0.8521923974,0.7460277107,-0.4062059632,-1.5452320462,-0.9001670164,0.3936614816,0.7030605487,-0.1459182428,-0.2166562,-0.0354289029,0.2613659753,0
77,2.083390914,-0.0852950206,0.2177227697,-2.6608545686,-1.586134058,-0.4062059632,0.7202254487,-0.9001670164,0.3936614816,0.7030605487,-0.1459182428,-0.2166562,-3.1129927407,0.2613659753,0
78,-1.5088705343,-0.0852950206,1.1355344274,-2.4024742584,-1.1974404299,0.921619794,0.2167904498,0.966931713,0.3936614816,-1.4223089181,-0.1459182428,-0.2166562,-1.4932222998,0.2613659753,0
79,-0.5558215786,-1.8916632579,-0.6049396495,-1.3689530177,-2.3635213142,-0.4062059632,-0.5383620485,-0.9001670164,0.3936614816,0.7030605487,-0.1459182428,-0.2166562,-0.0354289029,0.2613659753,0
80,-1.5088705343,-0.0852950206,2.4354399603,0.1813288433,-0.4200531736,0.921619794,1.2236604475,-0.2778007733,0.3936614816,0.7030605487,-0.1459182428,-0.2166562,-0.8453141234,0.2613659753,0
81,0.983719042,-0.0852950206,0.8217588992,-0.335431777,1.1347213389,-0.4062059632,0.2167904498,-0.9001670164,0.3936614816,0.7030605487,-0.1459182428,-0.2166562,-0.0354289029,-5.3528577345,0
82,0.5438502933,-0.0852950206,-1.3089568518,0.1813288433,-0.4200531736,-0.4062059632,0.2167904498,2.2116641993,0.3936614816,-1.4223089181,-0.1459182428,-0.2166562,-0.0354289029,0.2613659753,0
83,1.4968992489,-0.0852950206,-0.2827226226,0.1813288433,-0.4200531736,-0.4062059632,1.2236604475,-0.9001670164,0.3936614816,0.7030605487,-0.1459182428,-0.2166562,0.6124792734,0.2613659753,0
84,0.397227377,-0.0852950206,1.4572493225,0.1813288433,-0.4200531736,-1.7340317203,-1.0417970473,-0.2778007733,0.3936614816,-1.4223089181,1.7963204439,-0.2166562,-0.0354289029,0.2613659753,1
85,1.0570305002,-0.0852950206,1.4824696026,0.1813288433,-0.4200531736,-1.7340317203,1.2236604475,0.966931713,0.3936614816,-1.4223089181,-0.1459182428,-0.2166562,-0.4403715132,0.2613659753,0
86,0.7637846677,-1.8916632579,0.7433031745,0.1813288433,-0.4200531736,-0.4062059632,0.9719429481,-0.9001670164,0.3936614816,0.7030605487,-0.1459182428,-0.2166562,-0.0354289029,0.2613659753,1
87,-0.4091986624,-0.0852950206,0.1162731983,0.4397091535,1.523414967,-0.4062059632,0.7202254487,-0.9001670164,0.3936614816,0.7030605487,-0.1459182428,-0.2166562,0.7744563175,0.2613659753,0
88,-0.6291330368,-0.0852950206,-1.2832249657,-1.1105727075,-1.9748276861,0.921619794,1.2236604475,-0.2778007733,0.3936614816,0.7030605487,-0.1459182428,-0.2166562,-0.0354289029,0.2613659753,0
89,0.3239159189,-2.7948473766,2.0946345827,-0.0770514668,2.3008022232,0.921619794,0.7202254487,-0.2778007733,0.3936614816,-1.4223089181,-0.1459182428,-0.2166562,0.7744563175,0.2613659753,1
90,1.3502763327,-0.0852950206,0.5703329816,-0.5938120872,0.3573340826,-0.4062059632,0.7202254487,-0.9001670164,0.3936614816,0.7030605487,-0.1459182428,-0.2166562,-0.0354289029,0.2613659753,0
91,-0.1159528299,-0.0852950206,0.9185376975,1.214850084,-0.0313595455,-1.7340317203,-1.0417970473,1.5892979562,0.3936614816,-1.4223089181,-0.1459182428,-0.2166562,-0.0354289029,0.2613659753,0
92,-0.775755953,-0.0852950206,0.2158658295,1.214850084,-0.0313595455,-1.7340317203,-0.0349270496,1.5892979562,-1.962590633,-1.4223089181,-0.1459182428,-0.2166562,-1.2502567336,0.2613659753,0
93,-0.6291330368,-0.0852950206,-0.6824384816,0.1813288433,-0.4200531736,-0.4062059632,1.2236604475,2.2116641993,-3.1407166902,-1.4223089181,-0.1459182428,3.6869549437,-0.4403715132,0.2613659753,0
94,-0.3358872043,-1.8916632579,0.3459748101,-0.335431777,1.1347213389,-0.4062059632,0.9719429481,-0.9001670164,0.3936614816,0.7030605487,-0.1459182428,-0.2166562,-0.0354289029,0.2613659753,1
95,-0.7024444949,-1.8916632579,-0.7029216693,1.214850084,-0.0313595455,0.921619794,-0.286644549,-0.2778007733,0.3936614816,0.7030605487,-0.1459182428,-0.2166562,0.7744563175,0.2613659753,0
96,0.6904732095,1.7210732168,0.0141983307,-0.0770514668,2.3008022232,-0.4062059632,0.7202254487,-0.9001670164,0.3936614816,0.7030605487,-0.1459182428,4.5034127099,1.584341538,0.2613659753,1
97,-0.1159528299,-0.0852950206,0.1222608831,1.214850084,-0.0313595455,-0.4062059632,1.2236604475,-0.9001670164,0.3936614816,0.7030605487,-0.1459182428,-0.2166562,0.6124792734,0.2613659753,1
98,0.6904732095,-0.0852950206,-0.177009668,-0.8521923974,0.7460277107,-1.7340317203,-0.7900795479,1.5892979562,0.3936614816,-1.4223089181,-0.1459182428,-0.2166562,-0.0354289029,-4.6923608275,0
99,-0.4825101205,-2.7948473766,0.5649516446,0.1813288433,-0.4200531736,0.921619794,0.2167904498,0.966931713,-1.962590633,0.7030605487,-0.1459182428,-0.2166562,-0.0354289029,0.2613659753,0
100,2.7431940371,-0.0852950206,-0.6213868344,0.4397091535,1.523414967,-0.4062059632,-0.7900795479,-0.9001670164,0.3936614816,0.7030605487,-0.1459182428,-0.2166562,-0.0354289029,0.2613659753,1
101,0.397227377,-0.0852950206,0.0805649956,-0.335431777,1.1347213389,-0.4062059632,-0.7900795479,-0.9001670164,0.3936614816,0.7030605487,1.8883953398,-0.2166562,1.584341538,0.2613659753,1
102,0.6171617514,1.7210732168,-0.3852427769,0.4397091535,1.523414967,0.921619794,0.7202254487,-0.2778007733,0.3936614816,-1.4223089181,-0.1459182428,-0.2166562,0.7744563175,0.2613659753,0
103,-1.3622476181,-0.0852950206,-0.0140063176,1.214850084,-0.0313595455,0.921619794,1.4753779469,0.966931713,0.3936614816,-1.4223089181,-0.1459182428,-0.2166562,-0.0354289029,0.2613659753,0
104,-0.7024444949,-0.0852950206,-0.8180614378,0.1813288433,-0.4200531736,0.921619794,-1.0417970473,-0.2778007733,0.3936614816,0.7030605487,-0.1459182428,-0.2166562,-0.0354289029,0.2613659753,0
105,-0.4825101205,0.8178890981,1.2115742351,0.1813288433,-0.4200531736,-0.4062059632,-1.0417970473,-0.9001670164,0.3936614816,0.7030605487,0.895069698,-0.2166562,-0.0354289029,0.2613659753,1
106,-1.5821819924,-0.0852950206,1.0904278333,-2.6608545686,-1.586134058,0.921619794,0.7202254487,0.966931713,0.3936614816,-1.4223089181,4.4706899574,-0.2166562,-0.6833370793,0.2613659753,0
107,-0.6291330368,-0.0852950206,0.0485327766,-2.4024742584,-1.1974404299,0.921619794,-0.286644549,0.966931713,0.3936614816,0.7030605487,-0.1459182428,-0.2166562,-0.0354289029,0.2613659753,0
108,-0.5558215786,-1.8916632579,-0.0048637292,0.1813288433,-0.4200531736,0.921619794,-1.5452320462,-0.2778007733,0.3936614816,-1.4223089181,-0.1459182428,-0.2166562,-0.0354289029,0.2613659753,0
109,0.2506044608,-0.0852950206,-0.6166402678,0.1813288433,-0.4200531736,-0.4062059632,-0.286644549,-0.9001670164,0.3936614816,0.7030605487,-0.1459182428,-0.2166562,-0.0354289029,0.2613659753,0
110,-1.0690017855,-0.0852950206,2.2984148247,-0.335431777,1.1347213389,0.921619794,1.2236604475,0.3445654699,0.3936614816,0.7030605487,-0.1459182428,-0.2166562,-0.0354289029,0.2613659753,0
111,-0.0426413717,-0.0852950206,-1.1791036742,0.9564697739,1.9121085951,-0.4062059632,0.7202254487,-0.9001670164,0.3936614816,0.7030605487,-0.1459182428,-0.2166562,-0.0354289029,0.2613659753,1
112,1.2769648746,1.7210732168,1.3815884823,0.1813288433,-0.4200531736,-0.4062059632,0.2167904498,-0.9001670164,0.3936614816,0.7030605487,-0.1459182428,4.4661881917,0.7744563175,-5.8482304148,1
113,-0.775755953,-0.0852950206,1.7820054309,1.214850084,-0.0313595455,-0.4062059632,1.2236604475,2.2116641993,0.3936614816,-1.4223089181,0.4043646645,-0.2166562,-1.2502567336,0.2613659753,0
114,-0.189264288,-0.0852950206,-0.8234427748,0.1813288433,-0.4200531736,0.921619794,-0.0349270496,0.966931713,0.3936614816,-1.4223089181,-0.1459182428,-0.2166562,-0.0354289029,0.2613659753,0
115,1.0570305002,-0.0852950206,-0.8918179669,-1.1105727075,-1.9748276861,-0.4062059632,-0.286644549,-0.9001670164,0.3936614816,0.7030605487,-0.1459182428,-0.2166562,0.7744563175,0.2613659753,0
116,1.2769648746,0.8178890981,1.0735353617,1.214850084,-0.0313595455,-0.4062059632,1.2236604475,-0.9001670164,0.3936614816,0.7030605487,-0.1459182428,-0.2166562,0.7744563175,0.2613659753,0
117,0.7637846677,-1.8916632579,0.0719340132,-0.5938120872,0.3573340826,-0.4062059632,-1.0417970473,-0.9001670164,-1.962590633,0.7030605487,-0.1459182428,-0.2166562,-0.0354289029,0.2613659753,1
118,1.2036534164,-0.0852950206,0.5473580833,1.214850084,-0.0313595455,-0.4062059632,1.2236604475,-0.9001670164,0.3936614816,0.7030605487,-0.1459182428,-0.2166562,1.2603874498,0.2613659753,0
119,-1.2156247018,-0.0852950206,-0.8256407857,0.1813288433,-0.4200531736,0.921619794,-1.0417970473,-0.2778007733,0.3936614816,0.7030605487,-0.1459182428,-0.2166562,0.0455596191,0.2613659753,0
120,-1.2889361599,-0.0852950206,0.0960363395,1.214850084,-0.0313595455,0.921619794,0.2167904498,0.966931713,0.3936614816,-1.4223089181,-0.1459182428,-0.2166562,-0.0354289029,0.2613659753,0
121,0.1039815445,-0.0852950206,-0.6719600331,-0.335431777,1.1347213389,-0.4062059632,-0.7900795479,-0.9001670164,0.3936614816,0.7030605487,-0.1459182428,-0.2166562,1.584341538,0.2613659753,0
122,-0.6291330368,-0.0852950206,-1.0671282834,-0.335431777,1.1347213389,0.921619794,-0.7900795479,0.966931713,-1.962590633,0.7030605487,-0.1459182428,-0.2166562,-0.0354289029,-4.362112374,0
123,-0.7024444949,2.6242573354,0.7409819992,-0.335431777,1.1347213389,-0.4062059632,0.7202254487,-0.9001670164,0.3936614816,0.7030605487,-0.1459182428,-0.2166562,0.7744563175,0.2613659753,1
124,-1.4355590762,-0.0852950206,1.0594756714,1.214850084,-0.0313595455,0.921619794,0.2167904498,0.966931713,-1.962590633,0.7030605487,-0.1459182428,-0.2166562,-0.4403715132,0.2613659753,0
125,0.6171617514,-0.0852950206,0.9289403525,-0.335431777,1.1347213389,-0.4062059632,-0.7900795479,2.2116641993,0.3936614816,-1.4223089181,-0.1459182428,-0.2166562,-0.0354289029,0.2613659753,1
126,-1.3622476181,-0.0852950206,-0.7397573,1.214850084,-0.0313595455,0.921619794,-1.5452320462,0.966931713,0.3936614816,-1.4223089181,-0.1459182428,4.0492735877,-1.0072911675,0.2613659753,0
127,-0.5558215786,-0.0852950206,-0.709060941,-0.8521923974,0.7460277107,-0.4062059632,-1.5452320462,-0.9001670164,0.3936614816,0.7030605487,-0.1459182428,-0.2166562,-0.0354289029,0.2613659753,1
128,-0.2625757461,-0.0852950206,-0.5729358531,0.1813288433,-0.4200531736,-0.4062059632,0.7202254487,-0.9001670164,0.3936614816,0.7030605487,-0.1459182428,-0.2166562,-0.0354289029,0.2613659753,0
129,0.0306700864,-0.0852950206,1.6670835686,1.214850084,-0.0313595455,-1.7340317203,-1.0417970473,-0.2778007733,0.3936614816,0.7030605487,-0.1459182428,-0.2166562,-0.0354289029,0.2613659753,0
130,-0.775755953,-0.0852950206,-1.1383931019,-0.8521923974,0.7460277107,0.921619794,1.2236604475,-0.2778007733,0.3936614816,-1.4223089181,-0.1459182428,-0.2166562,1.584341538,0.2613659753,0
131,-1.0690017855,-0.0852950206,-1.3875452151,0.1813288433,-0.4200531736,0.921619794,0.2167904498,-0.2778007733,0.3936614816,-1.4223089181,-0.1459182428,4.1559838733,-0.0354289029,0.2613659753,0
132,-0.0426413717,1.7210732168,-0.651761071,0.1813288433,-0.4200531736,-0.4062059632,-1.0417970473,-0.9001670164,0.3936614816,0.7030605487,0.4479648358,-0.2166562,-0.4403715132,0.2613659753,0
133,-0.1159528299,-0.0852950206,0.6103614126,-0.335431777,1.1347213389,-0.4062059632,1.2236604475,-0.9001670164,0.3936614816,0.7030605487,-0.1459182428,-0.2166562,0.7744563175,0.2613659753,0
134,0.5438502933,-0.0852950206,-0.4129168709,-0.8521923974,0.7460277107,-1.7340317203,1.4753779469,-0.2778007733,-1.962590633,-1.4223089181,-0.1459182428,-0.2166562,-0.3593829911,0.2613659753,0
135,-0.0426413717,-2.7948473766,-0.6048828044,0.4397091535,1.523414967,-0.4062059632,0.7202254487,-0.9001670164,0.3936614816,0.7030605487,-0.1459182428,-0.2166562,-0.0354289029,-2.8759943331,1
136,0.3239159189,1.7210732168,-1.2587247237,0.1813288433,-0.4200531736,-0.4062059632,-1.0417970473,-0.9001670164,0.3936614816,0.7030605487,-0.1459182428,-0.2166562,1.584341538,0.2613659753,0
137,-0.8490674112,-0.0852950206,-0.2524999729,-0.5938120872,0.3573340826,-0.4062059632,-1.5452320462,2.2116641993,0.3936614816,-1.4223089181,-0.1459182428,-0.2166562,-0.4403715132,0.2613659753,0
138,-1.3622476181,-0.0852950206,-1.4729360432,1.214850084,-0.0313595455,0.921619794,1.2236604475,0.966931713,0.3936614816,0.7030605487,-0.1459182428,-0.2166562,-1.6551993438,0.2613659753,0
139,0.7637846677,-0.0852950206,-1.0213679706,1.214850084,-0.0313595455,-0.4062059632,-1.0417970473,-0.9001670164,-3.1407166902,0.7030605487,-0.1459182428,-0.2166562,-0.0354289029,0.2613659753,1
140,1.6435221652,0.8178890981,-1.1668819757,0.1813288433,-0.4200531736,-0.4062059632,-1.0417970473,-0.9001670164,0.3936614816,0.7030605487,-0.1459182428,-0.2166562,-0.0354289029,0.2613659753,0
141,-0.8490674112,-0.0852950206,0.407424373,1.214850084,-0.0313595455,0.921619794,1.2236604475,0.966931713,0.3936614816,-1.4223089181,-0.1459182428,-0.2166562,-0.0354289029,0.2613659753,0
142,-1.4355590762,-0.0852950206,1.2040706807,1.214850084,-0.0313595455,0.921619794,0.2167904498,0.966931713,0.3936614816,0.7030605487,-0.1459182428,-0.2166562,-0.8453141234,-1.8852489726,0
143,0.4705388351,-0.0852950206,0.0644778297,-0.5938120872,0.3573340826,0.921619794,0.7202254487,-0.2778007733,0.3936614816,-1.4223089181,-0.1459182428,3.6646202328,-0.0354289029,0.2613659753,1
144,2.3033252884,-0.0852950206,-0.7996436224,1.214850084,-0.0313595455,0.921619794,1.4753779469,0.3445654699,0.3936614816,0.7030605487,-0.1459182428,-0.2166562,-0.0354289029,0.2613659753,0
145,-0.5558215786,-0.0852950206,-0.0375591412,0.1813288433,-0.4200531736,0.921619794,1.7270954464,1.5892979562,-1.962590633,-1.4223089181,-0.1459182428,-0.2166562,-0.8453141234,0.2613659753,0
146,-1.2156247018,-0.0852950206,-0.136469631,1.214850084,-0.0313595455,-0.4062059632,0.2167904498,-0.9001670164,0.3936614816,0.7030605487,-0.1459182428,-0.2166562,-1.3312452557,0.2613659753,0
147,-0.189264288,-0.0852950206,-0.7720074252,0.1813288433,-0.4200531736,2.2494455511,0.2167904498,1.5892979562,0.3936614816,-1.4223089181,-0.1459182428,-0.2166562,-1.3312452557,0.2613659753,0
148,1.8634565396,-0.0852950206,-0.0809698562,-2.4024742584,-1.1974404299,-0.4062059632,-1.0417970473,-0.9001670164,0.3936614816,0.7030605487,-0.1459182428,5.1908254797,-0.0354289029,0.2613659753,0
149,0.3239159189,-0.0852950206,-0.1432152507,1.214850084,-0.0313595455,-1.7340317203,0.7202254487,-0.2778007733,0.3936614816,-1.4223089181,-0.1459182428,-0.2166562,-0.0354289029,0.2613659753,0
150,0.6171617514,-1.8916632579,-0.0357116751,1.214850084,-0.0313595455,-1.7340317203,-1.5452320462,1.5892979562,0.3936614816,-1.4223089181,-0.1459182428,-0.2166562,-0.197405947,-1.8852489726,0
151,-0.3358872043,-0.0852950206,0.0796270513,0.1813288433,-0.4200531736,0.921619794,-1.5452320462,-0.2778007733,0.3936614816,-1.4223089181,-0.1459182428,-0.2166562,-0.0354289029,0.2613659753,0
152,-0.4091986624,-0.0852950206,-0.2536747719,-0.335431777,1.1347213389,0.921619794,-0.7900795479,0.3445654699,-3.1407166902,-1.4223089181,-0.1459182428,-0.2166562,-0.0354289029,-1.2247520655,0
153,-1.2889361599,-0.0852950206,1.0078603123,0.1813288433,-0.4200531736,0.921619794,-1.0417970473,0.966931713,0.3936614816,0.7030605487,-0.1459182428,-0.2166562,-0.4403715132,0.2613659753,0
154,0.983719042,-0.0852950206,0.5980544465,0.1813288433,-0.4200531736,-1.7340317203,0.7202254487,-0.2778007733,0.3936614816,0.7030605487,-0.1459182428,-0.2166562,0.3695137073,0.2613659753,1
155,0.6904732095,-0.0852950206,-0.0195487158,0.1813288433,-0.4200531736,-0.4062059632,-1.0417970473,-0.9001670164,0.3936614816,0.7030605487,-0.1459182428,-0.2166562,0.4505022294,0.2613659753,0
156,-1.1423132437,-0.0852950206,0.2346152413,-0.335431777,1.1347213389,0.921619794,-0.286644549,-0.2778007733,0.3936614816,0.7030605487,-0.1459182428,-0.2166562,-0.0354289029,0.2613659753,0
157,2.3766367465,1.7210732168,2.8843647354,1.214850084,-0.0313595455,1.5855326726,1.2236604475,1.5892979562,-1.962590633,0.7030605487,-0.1459182428,4.2899921388,-3.1129927407,0.2613659753,0
158,-0.7024444949,-0.0852950206,0.0166426704,0.1813288433,-0.4200531736,-1.7340317203,-1.0417970473,-0.2778007733,0.3936614816,0.7030605487,-0.1459182428,-0.2166562,1.584341538,0.2613659753,0
159,0.2506044608,-0.0852950206,0.3664390494,-0.335431777,1.1347213389,1.5855326726,0.2167904498,0.3445654699,-1.962590633,0.7030605487,-0.1459182428,-0.2166562,0.7744563175,0.2613659753,0
160,2.1567023721,-0.0852950206,-1.4349729845,-1.8857136381,-3.1409085704,-1.7340317203,0.7202254487,-0.2778007733,0.3936614816,-1.4223089181,-0.1459182428,-0.2166562,-1.6551993438,0.2613659753,0
161,-0.9956903274,-0.0852950206,0.5966238446,0.1813288433,-0.4200531736,0.921619794,0.2167904498,1.5892979562,0.3936614816,-1.4223089181,-0.1459182428,-0.2166562,-0.0354289029,0.2613659753,0
162,0.397227377,0.8178890981,-1.0554655618,0.4397091535,1.523414967,-1.7340317203,-0.7900795479,1.5892979562,-3.1407166902,-1.4223089181,-0.1459182428,-0.2166562,-0.0354289029,0.2613659753,0
163,-0.775755953,-0.0852950206,-0.960297375,0.1813288433,-0.4200531736,0.921619794,-0.7900795479,-0.2778007733,-3.1407166902,-1.4223089181,-0.1459182428,-0.2166562,-0.0354289029,-4.6923608275,0
164,0.4705388351,1.7210732168,0.1070737648,0.4397091535,1.523414967,-0.4062059632,1.2236604475,-0.9001670164,0.3936614816,0.7030605487,-0.1459182428,-0.2166562,-0.0354289029,0.2613659753,1
165,-0.189264288,-0.0852950206,0.1646483862,1.214850084,-0.0313595455,-1.7340317203,0.2167904498,1.5892979562,0.3936614816,-1.4223089181,-0.1459182428,-0.2166562,-0.0354289029,-1.8852489726,0
166,0.0306700864,-2.7948473766,0.4330330947,-0.8521923974,0.7460277107,0.921619794,-0.7900795479,-0.2778007733,0.3936614816,0.7030605487,-0.1459182428,-0.2166562,0.1265481412,0.2613659753,0
167,0.5438502933,2.6242573354,-0.8256786824,0.4397091535,1.523414967,2.2494455511,0.9719429481,1.5892979562,0.3936614816,0.7030605487,-0.1459182428,-0.2166562,-0.0354289029,0.2613659753,0
168,-1.5088705343,-0.0852950206,-1.5532960792,-2.4024742584,-1.1974404299,0.921619794,-0.286644549,0.966931713,0.3936614816,0.7030605487,-0.1459182428,-0.2166562,-1.979153432,0.2613659753,0
169,2.0100794558,-1.8916632579,-1.2785636668,-0.5938120872,0.3573340826,2.2494455511,0.7202254487,-0.2778007733,0.3936614816,-1.4223089181,-0.1459182428,-0.2166562,-1.6551993438,0.2613659753,0
170,-0.8490674112,-0.0852950206,-0.6141675055,0.1813288433,-0.4200531736,0.921619794,0.2167904498,-0.2778007733,0.3936614816,0.7030605487,-0.1459182428,4.6969802047,-0.0354289029,0.2613659753,0
171,-0.775755953,2.6242573354,-0.1369338661,0.1813288433,-0.4200531736,-0.4062059632,0.9719429481,-0.9001670164,0.3936614816,0.7030605487,-0.1459182428,-0.2166562,-0.0354289029,0.2613659753,0
172,0.9104075839,-0.0852950206,-0.8878861801,1.214850084,-0.0313595455,-0.4062059632,1.2236604475,-0.9001670164,0.3936614816,0.7030605487,-0.1459182428,4.689535301,-0.0354289029,0.2613659753,1
173,-0.8490674112,-0.0852950206,2.2572400174,-0.335431777,1.1347213389,0.921619794,-1.0417970473,-0.2778007733,0.3936614816,0.7030605487,-0.1459182428,-0.2166562,0.7744563175,0.2613659753,0
174,-0.775755953,2.6242573354,-0.380429891,-0.335431777,1.1347213389,-0.4062059632,0.7202254487,-0.9001670164,0.3936614816,0.7030605487,-0.1459182428,-0.2166562,-0.0354289029,0.2613659753,1
175,-0.8490674112,-0.0852950206,0.6066854289,0.1813288433,-0.4200531736,0.2577069154,1.2236604475,1.5892979562,0.3936614816,-1.4223089181,-0.1459182428,-0.2166562,-1.2502567336,0.2613659753,0
176,-1.2889361599,-0.0852950206,1.1670076695,0.1813288433,-0.4200531736,0.921619794,-1.0417970473,0.966931713,-1.962590633,0.7030605487,-0.1459182428,-0.2166562,-0.0354289029,0.2613659753,0
177,-0.3358872043,-0.0852950206,2.7853974004,0.1813288433,-0.4200531736,0.921619794,-0.286644549,-0.2778007733,-1.962590633,0.7030605487,-0.1459182428,-0.2166562,-0.0354289029,0.2613659753,0
178,-1.5088705343,-0.0852950206,-0.0554085054,0.1813288433,-0.4200531736,0.921619794,0.2167904498,0.966931713,0.3936614816,0.7030605487,-0.1459182428,-0.2166562,-2.3031075202,0.2613659753,0
179,-0.4091986624,-0.0852950206,-1.4448545593,-0.335431777,1.1347213389,-0.4062059632,0.7202254487,-0.9001670164,0.3936614816,0.7030605487,-0.1459182428,-0.2166562,1.9892841482,0.2613659753,0
180,0.397227377,-1.8916632579,-0.0799087475,1.214850084,-0.0313595455,-0.4062059632,-0.7900795479,-0.9001670164,-1.962590633,0.7030605487,-0.1459182428,-0.2166562,-0.197405947,0.2613659753,1
181,0.3239159189,-0.0852950206,-0.712443225,1.214850084,-0.0313595455,-1.7340317203,-1.5452320462,-0.2778007733,0.3936614816,-1.4223089181,-0.1459182428,-0.2166562,-0.0354289029,0.2613659753,0
182,-0.6291330368,-0.0852950206,4.206193532,1.214850084,-0.0313595455,0.921619794,-1.0417970473,-0.2778007733,-1.962590633,0.7030605487,-0.1459182428,-0.2166562,0.3695137073,0.2613659753,0
183,0.1039815445,-0.0852950206,0.915126991,-1.3689530177,-2.3635213142,-0.4062059632,-0.0349270496,-0.9001670164,0.3936614816,0.7030605487,-0.1459182428,-0.2166562,-0.0354289029,-1.8852489726,1
184,-0.1159528299,-2.7948473766,-1.5227323588,1.214850084,-0.0313595455,-0.4062059632,-1.5452320462,-0.9001670164,0.3936614816,0.7030605487,-0.1459182428,-0.2166562,0.1265481412,0.2613659753,1
185,-0.3358872043,-0.0852950206,1.0824410955,0.1813288433,-0.4200531736,-0.4062059632,-1.5452320462,-0.9001670164,-1.962590633,0.7030605487,-0.1459182428,-0.2166562,-0.0354289029,0.2613659753,0
186,0.1772930026,1.7210732168,-0.4419647216,-0.335431777,1.1347213389,-1.7340317203,-0.7900795479,-0.2778007733,0.3936614816,-1.4223089181,-0.1459182428,-0.2166562,-0.0354289029,0.2613659753,0
187,1.0570305002,-0.0852950206,-0.5179855809,-0.335431777,1.1347213389,-1.7340317203,0.7202254487,-0.2778007733,0.3936614816,-1.4223089181,-0.1459182428,-0.2166562,0.7744563175,0.2613659753,0
188,-0.5558215786,-0.0852950206,-0.8512589815,0.4397091535,1.523414967,-0.4062059632,0.7202254487,2.2116641993,0.3936614816,-1.4223089181,-0.1459182428,-0.2166562,0.7744563175,0.2613659753,0
189,1.4235877908,2.6242573354,-0.7599373137,-0.0770514668,2.3008022232,-0.4062059632,0.7202254487,-0.9001670164,0.3936614816,0.7030605487,-0.1459182428,-0.2166562,-3.1939812627,0.2613659753,1
190,-0.0426413717,-0.0852950206,-0.3273934042,1.214850084,-0.0313595455,-1.7340317203,-0.0349270496,-0.2778007733,-1.962590633,-1.4223089181,-0.1459182428,-0.2166562,-1.0072911675,0.2613659753,0
191,-1.0690017855,-0.0852950206,-0.286228071,1.214850084,-0.0313595455,-0.4062059632,-0.0349270496,-0.9001670164,0.3936614816,0.7030605487,-0.1459182428,-0.2166562,-0.0354289029,0.2613659753,0
192,0.1772930026,-1.8916632579,3.1656248611,-0.335431777,1.1347213389,-0.4062059632,-1.0417970473,-0.9001670164,-1.962590633,0.7030605487,-0.1459182428,-0.2166562,-0.0354289029,0.2613659753,0
193,0.6171617514,-0.0852950206,-0.6521968835,1.214850084,-0.0313595455,-0.4062059632,1.4753779469,-0.9001670164,0.3936614816,0.7030605487,-0.1459182428,-0.2166562,0.3695137073,0.2613659753,0
194,0.1772930026,-2.7948473766,-0.5591509141,-0.335431777,1.1347213389,-0.4062059632,1.4753779469,-0.9001670164,0.3936614816,0.7030605487,-0.1459182428,-0.2166562,-1.3312452557,0.2613659753,0
195,-1.1423132437,-0.0852950206,0.0720856001,-1.6273333279,-2.7522149423,-0.4062059632,1.7270954464,0.3445654699,0.3936614816,0.7030605487,-0.1459182428,-0.2166562,-0.0354289029,-1.8852489726,0
196,-0.189264288,-0.0852950206,-0.8565076799,1.214850084,-0.0313595455,-1.7340317203,-1.0417970473,-0.2778007733,0.3936614816,0.7030605487,-0.1459182428,-0.2166562,-0.0354289029,0.2613659753,0
197,0.1039815445,-2.7948473766,-1.2599089968,0.4397091535,1.523414967,0.921619794,-0.7900795479,-0.2778007733,0.3936614816,-1.4223089181,1.7611153367,-0.2166562,1.1793989278,0.2613659753,1
198,-0.2625757461,-0.0852950206,-0.4811594244,0.4397091535,1.523414967,-0.4062059632,0.7202254487,0.3445654699,0.3936614816,0.7030605487,0.8422620371,-0.2166562,-0.0354289029,0.2613659753,1
199,-1.0690017855,1.7210732168,-1.486095686,0.1813288433,-0.4200531736,0.921619794,1.2236604475,-0.2778007733,0.3936614816,0.7030605487,-0.1459182428,-0.2166562,-0.0354289029,0.2613659753,0
200,-0.9223788693,-0.0852950206,1.9662593779,0.4397091535,1.523414967,0.921619794,0.7202254487,-0.2778007733,0.3936614816,-1.4223089181,-0.1459182428,4.4388902117,-0.0354289029,0.2613659753,0
201,-1.4355590762,-0.0852950206,-0.1811972577,0.1813288433,-0.4200531736,0.921619794,0.7202254487,0.966931713,0.3936614816,0.7030605487,-0.1459182428,-0.2166562,-0.0354289029,-2.5457458796,0
202,0.9104075839,-0.0852950206,0.6588787132,-0.335431777,1.1347213389,-0.4062059632,-0.7900795479,-0.9001670164,0.3936614816,0.7030605487,-0.1459182428,-0.2166562,0.7744563175,0.2613659753,1
203,0.2506044608,-1.8916632579,0.6161880363,1.214850084,-0.0313595455,0.921619794,0.7202254487,-0.2778007733,0.3936614816,-1.4223089181,-0.1459182428,3.1087340941,-0.0354289029,0.2613659753,0
204,-0.1159528299,2.6242573354,-1.3412353996,0.1813288433,-0.4200531736,-1.7340317203,-1.5452320462,1.5892979562,0.3936614816,-1.4223089181,-0.1459182428,-0.2166562,-0.4403715132,0.2613659753,0
205,-1.5088705343,-0.0852950206,-0.4700556797,-2.4024742584,-1.1974404299,0.921619794,1.2236604475,0.966931713,0.3936614816,-1.4223089181,-0.1459182428,-0.2166562,-0.0354289029,0.2613659753,0
206,-0.189264288,-0.0852950206,-0.5781277064,-0.335431777,1.1347213389,-0.4062059632,0.2167904498,-0.9001670164,-1.962590633,0.7030605487,0.8422620371,-0.2166562,-0.3593829911,0.2613659753,1
207,-0.2625757461,-0.0852950206,-1.4543666409,0.1813288433,-0.4200531736,-1.7340317203,-1.0417970473,-0.2778007733,0.3936614816,0.7030605487,-0.1459182428,-0.2166562,1.584341538,0.2613659753,0
208,1.4235877908,0.8178890981,0.1969174598,0.1813288433,-0.4200531736,-0.4062059632,1.2236604475,2.2116641993,0.3936614816,-1.4223089181,1.8883953398,-0.2166562,-0.4403715132,0.2613659753,1
209,-1.5821819924,-0.0852950206,-1.1786868101,-2.4024742584,-1.1974404299,0.921619794,1.2236604475,0.966931713,0.3936614816,-1.4223089181,-0.1459182428,-0.2166562,-2.3031075202,0.2613659753,0
210,0.397227377,-1.8916632579,-0.2731915927,0.1813288433,-0.4200531736,-0.4062059632,1.7270954464,-0.9001670164,-1.962590633,0.7030605487,-0.1459182428,-0.2166562,-0.0354289029,0.2613659753,0
211,-0.1159528299,-0.0852950206,0.1760268822,0.1813288433,-0.4200531736,-0.4062059632,-1.0417970473,-0.9001670164,0.3936614816,0.7030605487,-0.1459182428,-0.2166562,-0.0354289029,0.2613659753,1
212,-0.2625757461,-0.0852950206,-0.3409604369,1.214850084,-0.0313595455,0.921619794,1.2236604475,-0.2778007733,-4.3188427475,-1.4223089181,-0.1459182428,-0.2166562,-0.0354289029,0.2613659753,0
213,1.5702107071,-0.0852950206,-0.9849681523,0.1813288433,-0.4200531736,-0.4062059632,-1.0417970473,-0.9001670164,-3.1407166902,0.7030605487,-0.1459182428,-0.2166562,-0.0354289029,0.2613659753,0
214,1.1303419583,0.8178890981,-0.6097714838,-1.3689530177,-2.3635213142,-0.4062059632,-0.0349270496,-0.9001670164,0.3936614816,0.7030605487,-0.1459182428,-0.2166562,-0.0354289029,0.2613659753,1
215,-0.1159528299,-0.0852950206,4.2267619873,-0.335431777,1.1347213389,0.921619794,-0.7900795479,-0.2778007733,-1.962590633,0.7030605487,-0.1459182428,-0.2166562,1.584341538,0.2613659753,1
216,0.8370961258,-0.0852950206,1.170465747,-0.8521923974,0.7460277107,-1.7340317203,1.2236604475,-0.2778007733,0.3936614816,-1.4223089181,-0.1459182428,-0.2166562,-0.0354289029,0.2613659753,0
217,-0.0426413717,-0.0852950206,-0.0679239036,-0.335431777,1.1347213389,-0.4062059632,1.2236604475,-0.9001670164,0.3936614816,0.7030605487,-0.1459182428,-0.2166562,0.7744563175,-1.0596278387,0
218,0.4705388351,-0.0852950206,-0.7611973803,-0.335431777,1.1347213389,-0.4062059632,0.7202254487,-0.9001670164,0.3936614816,0.7030605487,-0.1459182428,-0.2166562,1.1793989278,0.2613659753,0
219,-0.9956903274,-0.0852950206,0.6179597089,-2.6608545686,-1.586134058,0.921619794,-1.0417970473,-0.2778007733,0.3936614816,0.7030605487,-0.1459182428,-0.2166562,-0.0354289029,0.2613659753,0
220,-0.5558215786,-0.0852950206,0.0765668896,1.214850084,-0.0313595455,-0.4062059632,-0.286644549,-0.9001670164,0.3936614816,0.7030605487,-0.1459182428,-0.2166562,-0.0354289029,0.2613659753,0
221,1.8634565396,-0.0852950206,-0.0201076927,-1.8857136381,-3.1409085704,-1.7340317203,0.7202254487,-0.2778007733,0.3936614816,0.7030605487,-0.1459182428,-0.2166562,-0.0354289029,0.2613659753,0
222,3.7695544509,-0.0852950206,-1.3077631045,0.1813288433,-0.4200531736,0.921619794,0.2167904498,-0.2778007733,-1.962590633,0.7030605487,-0.1459182428,5.2578296125,-0.0354289029,0.2613659753,0
223,1.1303419583,-0.0852950206,-0.1240868714,0.1813288433,-0.4200531736,-0.4062059632,-1.5452320462,-0.9001670164,-1.962590633,0.7030605487,-0.1459182428,-0.2166562,-1.6551993438,0.2613659753,0
224,1.0570305002,-1.8916632579,-0.4682082137,0.6980894637,-3.5296021986,0.921619794,-0.0349270496,-0.2778007733,0.3936614816,-1.4223089181,-0.1459182428,-0.2166562,-0.4403715132,0.2613659753,0
225,-1.5088705343,-0.0852950206,0.5071970137,0.1813288433,-0.4200531736,0.921619794,1.2236604475,0.966931713,0.3936614816,-1.4223089181,-0.1459182428,-0.2166562,-0.0354289029,0.2613659753,0
226,1.5702107071,-0.0852950206,-1.5685779393,-2.6608545686,-1.586134058,-1.7340317203,0.7202254487,-0.2778007733,-4.3188427475,-1.4223089181,-0.1459182428,-0.2166562,-2.4650845643,0.2613659753,0
227,2.0100794558,1.7210732168,-0.20929769,0.1813288433,-0.4200531736,-0.4062059632,-0.5383620485,-0.9001670164,0.3936614816,0.7030605487,0.0448663577,-0.2166562,0.7744563175,0.2613659753,0
228,2.669882579,-0.0852950206,1.1788788231,-0.5938120872,0.3573340826,2.2494455511,-1.5452320462,-0.2778007733,0.3936614816,-1.4223089181,-0.1459182428,-0.2166562,-1.6551993438,-5.5179819613,0
229,1.9367679977,-0.0852950206,-0.1229973402,0.1813288433,-0.4200531736,-1.7340317203,-1.5452320462,-0.2778007733,0.3936614816,-1.4223089181,-0.1459182428,-0.2166562,-0.0354289029,0.2613659753,0
230,-0.2625757461,-0.0852950206,3.3046395755,-2.4024742584,-1.1974404299,1.5855326726,1.7270954464,-0.2778007733,-1.962590633,0.7030605487,0.3515570036,-0.2166562,-0.0354289029,0.2613659753,0
231,0.1772930026,-0.0852950206,-0.5624858272,0.1813288433,-0.4200531736,-1.7340317203,1.2236604475,1.5892979562,-1.962590633,-1.4223089181,-0.1459182428,-0.2166562,-0.197405947,0.2613659753,0
232,-0.9956903274,-0.0852950206,-0.2846648305,1.214850084,-0.0313595455,0.921619794,-1.5452320462,-0.2778007733,0.3936614816,0.7030605487,-0.1459182428,-0.2166562,0.1265481412,0.2613659753,0
233,-0.4091986624,-0.0852950206,-0.7465692389,1.214850084,-0.0313595455,-1.7340317203,-1.0417970473,0.3445654699,-0.7844645757,-1.4223089181,-0.1459182428,-0.2166562,-0.0354289029,0.2613659753,0
234,-0.775755953,-0.0852950206,-1.0711927087,0.9564697739,1.9121085951,0.921619794,0.7202254487,-0.2778007733,0.3936614816,0.7030605487,-0.1459182428,-0.2166562,1.1793989278,0.2613659753,1
235,1.4968992489,2.6242573354,0.7477181446,0.1813288433,-0.4200531736,-0.4062059632,0.2167904498,-0.9001670164,0.3936614816,0.7030605487,-0.1459182428,-0.2166562,-0.0354289029,0.2613659753,0
236,0.1039815445,2.6242573354,-0.1824099534,1.214850084,-0.0313595455,0.921619794,-1.5452320462,-0.2778007733,0.3936614816,-1.4223089181,-0.1459182428,-0.2166562,-0.197405947,0.2613659753,0
237,0.1772930026,-0.0852950206,-0.0913346144,-0.335431777,1.1347213389,-0.4062059632,-0.7900795479,-0.9001670164,0.3936614816,0.7030605487,-0.1459182428,-0.2166562,0.7744563175,-2.8759943331,1
238,-0.0426413717,-1.8916632579,-0.7077440293,0.4397091535,1.523414967,-0.4062059632,-0.7900795479,-0.9001670164,0.3936614816,0.7030605487,-0.1459182428,-0.2166562,2.3942267585,0.2613659753,1
239,-1.1423132437,-0.0852950206,-0.7041248907,0.1813288433,-0.4200531736,0.921619794,1.7270954464,0.966931713,0.3936614816,0.7030605487,-0.1459182428,-0.2166562,-0.0354289029,0.2613659753,0
240,0.1039815445,-0.0852950206,1.4979788432,-0.335431777,1.1347213389,-0.4062059632,0.7202254487,-0.9001670164,0.3936614816,0.7030605487,-0.1459182428,-0.2166562,-0.0354289029,0.2613659753,1
241,0.1772930026,1.7210732168,0.0589543799,0.1813288433,-0.4200531736,-0.4062059632,0.2167904498,2.2116641993,0.3936614816,-1.4223089181,-0.1459182428,-0.2166562,-1.6551993438,0.2613659753,0
242,-1.0690017855,2.6242573354,0.7970312768,-0.8521923974,0.7460277107,-0.4062059632,0.9719429481,-0.9001670164,0.3936614816,0.7030605487,-0.1459182428,-0.2166562,0.7744563175,0.2613659753,0
243,-1.3622476181,-0.0852950206,-0.6690893551,1.214850084,-0.0313595455,0.921619794,0.7202254487,0.966931713,0.3936614816,0.7030605487,-0.1459182428,-0.2166562,-1.6551993438,0.2613659753,0
244,-0.0426413717,-0.0852950206,-0.0974928345,1.214850084,-0.0313595455,-1.7340317203,-1.0417970473,-0.2778007733,0.3936614816,0.7030605487,-0.1459182428,4.1038695477,-0.0354289029,0.2613659753,0
245,1.2769648746,-0.0852950206,0.1307592269,0.1813288433,-0.4200531736,-0.4062059632,-1.5452320462,-0.9001670164,0.3936614816,0.7030605487,-0.1459182428,-0.2166562,-0.4403715132,0.2613659753,0
246,1.4235877908,-0.0852950206,0.4435589141,0.1813288433,-0.4200531736,-0.4062059632,-1.5452320462,-0.9001670164,0.3936614816,0.7030605487,-0.1459182428,-0.2166562,0.3695137073,0.2613659753,1
247,-0.4825101205,-0.0852950206,-0.055541144,0.1813288433,-0.4200531736,0.921619794,0.2167904498,-0.2778007733,0.3936614816,-1.4223089181,-0.1459182428,-0.2166562,-0.5213600352,0.2613659753,0
248,0.1039815445,-0.0852950206,0.168637018,-0.8521923974,0.7460277107,-0.4062059632,1.4753779469,-0.9001670164,0.3936614816,0.7030605487,-0.1459182428,4.689535301,1.584341538,0.2613659753,1
249,0.4705388351,-0.0852950206,-0.3471091829,0.1813288433,-0.4200531736,-0.4062059632,-1.5452320462,-0.9001670164,0.3936614816,0.7030605487,-0.1459182428,-0.2166562,-0.0354289029,0.2613659753,0
250,0.1772930026,-0.0852950206,-0.7296578189,0.9564697739,1.9121085951,-0.4062059632,0.7202254487,2.2116641993,0.3936614816,-1.4223089181,-0.1459182428,-0.2166562,-0.0354289029,0.2613659753,1
251,0.2506044608,-0.0852950206,1.9043361057,-0.335431777,1.1347213389,-0.4062059632,-1.5452320462,2.2116641993,-1.962590633,-1.4223089181,-0.1459182428,-0.2166562,-0.0354289029,0.2613659753,0
252,1.4968992489,-1.8916632579,-0.174802183,-2.6608545686,-1.586134058,2.2494455511,0.2167904498,1.5892979562,-1.962590633,-1.4223089181,-0.1459182428,-0.2166562,-0.8453141234,0.2613659753,0
253,-1.4355590762,-1.8916632579,-1.5385731959,1.214850084,-0.0313595455,0.921619794,-1.5452320462,0.966931713,0.3936614816,0.7030605487,-0.1459182428,-0.2166562,-0.0354289029,0.2613659753,0
254,1.4235877908,-0.0852950206,0.6559511901,1.214850084,-0.0313595455,0.921619794,1.7270954464,-0.2778007733,0.3936614816,0.7030605487,-0.1459182428,-0.2166562,-1.6551993438,0.2613659753,0
255,0.2506044608,1.7210732168,1.0730995492,0.1813288433,-0.4200531736,-0.4062059632,-0.5383620485,-0.9001670164,-3.1407166902,0.7030605487,-0.1459182428,-0.2166562,-0.0354289029,-6.0133546416,1
256,-1.3622476181,-0.0852950206,-0.6820405658,0.1813288433,-0.4200531736,0.921619794,0.2167904498,0.966931713,0.3936614816,-1.4223089181,-0.1459182428,-0.2166562,-0.0354289029,0.2613659753,0
257,-0.4825101205,-0.0852950206,-0.1629499777,0.1813288433,-0.4200531736,1.5855326726,0.2167904498,-0.2778007733,0.3936614816,-1.4223089181,-0.1459182428,-0.2166562,-0.8453141234,0.2613659753,0
258,0.4705388351,-0.0852950206,-0.0200129508,-0.5938120872,0.3573340826,2.2494455511,-0.7900795479,-0.2778007733,0.3936614816,-1.4223089181,-0.1459182428,-0.2166562,0.3695137073,0.2613659753,0
259,0.8370961258,-0.0852950206,0.1396460123,-1.3689530177,-2.3635213142,-1.7340317203,-1.0417970473,-0.2778007733,0.3936614816,0.7030605487,-0.1459182428,-0.2166562,-0.0354289029,0.2613659753,0
260,-0.189264288,-0.0852950206,-0.3764696817,-0.335431777,1.1347213389,-1.7340317203,0.7202254487,0.966931713,0.3936614816,-1.4223089181,-0.1459182428,-0.2166562,-0.0354289029,0.2613659753,0
261,0.4705388351,-0.0852950206,-0.8686535849,0.1813288433,-0.4200531736,-0.4062059632,1.2236604475,-0.9001670164,0.3936614816,0.7030605487,-0.1459182428,-0.2166562,1.584341538,0.2613659753,0
262,-1.5821819924,-0.0852950206,0.5318772653,-2.4024742584,-1.1974404299,0.921619794,0.2167904498,0.966931713,0.3936614816,0.7030605487,-0.1459182428,-0.2166562,-2.3031075202,0.2613659753,0
263,1.4968992489,-0.0852950206,-0.4146411725,1.214850084,-0.0313595455,-0.4062059632,1.2236604475,-0.9001670164,0.3936614816,0.7030605487,0.4043646645,-0.2166562,-0.0354289029,0.2613659753,0
264,-0.9223788693,-0.0852950206,1.7862972366,-2.4024742584,-1.1974404299,-0.4062059632,-1.0417970473,-0.9001670164,0.3936614816,0.7030605487,-0.1459182428,-0.2166562,-0.0354289029,0.2613659753,0
265,-0.1159528299,0.8178890981,0.6396650664,1.214850084,-0.0313595455,-0.4062059632,-0.7900795479,-0.9001670164,-3.1407166902,0.7030605487,-0.1459182428,-0.2166562,2.7991693687,-0.0688824782,1
266,-1.4355590762,-0.0852950206,0.2764342933,1.214850084,-0.0313595455,0.921619794,0.7202254487,0.966931713,0.3936614816,0.7030605487,-0.1459182428,-0.2166562,-1.3312452557,-5.8482304148,0
267,1.8634565396,-0.0852950206,-1.5973889355,0.1813288433,-0.4200531736,-0.4062059632,-0.7900795479,-0.9001670164,0.3936614816,0.7030605487,-0.1459182428,-0.2166562,-0.0354289029,0.2613659753,1
268,-0.4091986624,-0.0852950206,-0.0407235189,-0.335431777,1.1347213389,0.921619794,0.7202254487,-0.2778007733,0.3936614816,-1.4223089181,-0.1459182428,-0.2166562,0.3695137073,0.2613659753,0
269,-0.4091986624,-0.0852950206,0.3072159198,0.1813288433,-0.4200531736,-0.4062059632,-1.0417970473,2.2116641993,0.3936614816,-1.4223089181,-0.1459182428,-0.2166562,-0.0354289029,0.2613659753,1
270,1.6435221652,-0.0852950206,-1.1360624524,0.1813288433,-0.4200531736,-0.4062059632,-0.7900795479,-0.9001670164,0.3936614816,0.7030605487,-0.1459182428,-0.2166562,-0.0354289029,0.2613659753,1
271,-1.5821819924,-0.0852950206,0.0140372695,-1.1105727075,-1.9748276861,0.921619794,0.2167904498,0.966931713,0.3936614816,0.7030605487,-0.0030667499,-0.2166562,-1.3312452557,0.2613659753,0
272,0.8370961258,1.7210732168,-1.5075831372,0.4397091535,1.523414967,-0.4062059632,-0.5383620485,-0.9001670164,0.3936614816,0.7030605487,0.1799998079,-0.2166562,4.6619053757,0.2613659753,0
273,-0.8490674112,-1.8916632579,0.183141995,0.4397091535,1.523414967,0.921619794,0.7202254487,0.966931713,0.3936614816,0.7030605487,-0.1459182428,-0.2166562,-0.4403715132,0.2613659753,0
274,-0.6291330368,-0.0852950206,-1.1312306181,0.1813288433,-0.4200531736,-1.7340317203,0.7202254487,0.966931713,0.3936614816,-1.4223089181,-0.1459182428,-0.2166562,-0.0354289029,0.2613659753,0
275,0.3239159189,-0.0852950206,2.7305039733,0.1813288433,-0.4200531736,-0.4062059632,-0.286644549,-0.9001670164,-1.962590633,0.7030605487,-0.1459182428,-0.2166562,-0.0354289029,0.2613659753,0
276,0.397227377,-0.0852950206,-0.1786297536,1.214850084,-0.0313595455,-0.4062059632,-1.0417970473,-0.9001670164,0.3936614816,0.7030605487,0.8422620371,-0.2166562,-0.0354289029,0.2613659753,1
277,-0.2625757461,-0.0852950206,0.0037483048,1.214850084,-0.0313595455,0.921619794,-0.7900795479,-0.2778007733,0.3936614816,-1.4223089181,-0.1459182428,-0.2166562,-0.0354289029,0.2613659753,0
278,-0.9956903274,-0.0852950206,0.0379785347,1.214850084,-0.0313595455,0.921619794,1.4753779469,0.966931713,0.3936614816,-1.4223089181,-0.1459182428,-0.2166562,-0.0354289029,0.2613659753,0
279,-1.0690017855,-0.0852950206,0.8497740639,1.214850084,-0.0313595455,-0.4062059632,-0.0349270496,2.2116641993,0.3936614816,-1.4223089181,0.8422620371,-0.2166562,0.6124792734,0.2613659753,1
280,-1.2156247018,-0.0852950206,-1.4671757388,-0.335431777,1.1347213389,0.921619794,0.7202254487,-0.2778007733,0.3936614816,-1.4223089181,-0.1459182428,-0.2166562,-2.0601419541,-4.362112374,0
281,0.2506044608,-1.8916632579,-0.8724811556,1.214850084,-0.0313595455,-0.4062059632,-1.0417970473,-0.9001670164,0.3936614816,0.7030605487,0.5552050087,-0.2166562,-0.0354289029,0.2613659753,1
282,-0.3358872043,-0.0852950206,-0.1361001378,-0.8521923974,0.7460277107,-1.7340317203,1.2236604475,1.5892979562,-1.962590633,-1.4223089181,-0.1459182428,-0.2166562,0.3695137073,0.2613659753,0
283,1.5702107071,-0.0852950206,-0.1498661284,-0.335431777,1.1347213389,-1.7340317203,0.7202254487,-0.2778007733,0.3936614816,-1.4223089181,-0.1459182428,-0.2166562,0.1265481412,0.2613659753,0
284,-1.2889361599,-0.0852950206,0.1514034757,0.1813288433,-0.4200531736,0.921619794,-0.286644549,0.966931713,0.3936614816,0.7030605487,-0.1459182428,-0.2166562,-0.0354289029,0.2613659753,0
285,1.3502763327,-2.7948473766,2.230058581,0.4397091535,1.523414967,-0.4062059632,1.2236604475,-0.9001670164,0.3936614816,0.7030605487,1.8883953398,-0.2166562,-0.0354289029,0.2613659753,1
286,0.1772930026,-0.0852950206,0.2913561344,0.9564697739,1.9121085951,-0.4062059632,0.7202254487,-0.9001670164,0.3936614816,0.7030605487,-0.1459182428,-0.2166562,1.584341538,0.2613659753,1
287,0.8370961258,-0.0852950206,-0.1247690127,1.214850084,-0.0313595455,-1.7340317203,0.2167904498,-0.2778007733,0.3936614816,0.7030605487,-0.1459182428,-0.2166562,0.3695137073,0.2613659753,0
288,-0.9956903274,-0.0852950206,1.7262782756,-0.335431777,1.1347213389,0.921619794,-0.7900795479,-0.2778007733,0.3936614816,-1.4223089181,-0.1459182428,-0.2166562,-0.0354289029,0.2613659753,0
289,0.8370961258,-0.0852950206,0.0388975306,-1.3689530177,-2.3635213142,-0.4062059632,-1.0417970473,-0.9001670164,0.3936614816,0.7030605487,-0.1459182428,-0.2166562,-0.0354289029,-5.022609281,0
290,-0.189264288,-0.0852950206,0.1001765582,-0.335431777,1.1347213389,-0.4062059632,0.7202254487,-0.9001670164,0.3936614816,0.7030605487,-0.1459182428,-0.2166562,0.3695137073,0.2613659753,0
291,-0.5558215786,-0.0852950206,-0.5891367092,0.1813288433,-0.4200531736,-1.7340317203,0.7202254487,-0.2778007733,0.3936614816,-1.4223089181,-0.1459182428,-0.2166562,-0.0354289029,0.2613659753,0
292,-0.7024444949,-1.8916632579,0.2902950257,-0.335431777,1.1347213389,0.921619794,0.9719429481,-0.2778007733,0.3936614816,0.7030605487,-0.1459182428,-0.2166562,1.2603874498,0.2613659753,0
293,-1.2889361599,-0.0852950206,0.3993618417,1.214850084,-0.0313595455,0.921619794,1.2236604475,0.966931713,0.3936614816,0.7030605487,-0.1459182428,-0.2166562,0.3695137073,0.2613659753,0
294,-0.8490674112,-0.0852950206,0.5554111405,-0.335431777,1.1347213389,0.921619794,1.4753779469,1.5892979562,-1.962590633,-1.4223089181,-0.1459182428,-0.2166562,-0.0354289029,0.2613659753,0
295,1.9367679977,-0.0852950206,-0.7454607592,0.1813288433,-0.4200531736,-0.4062059632,1.7270954464,-0.9001670164,0.3936614816,0.7030605487,-0.1459182428,-0.2166562,-1.979153432,0.2613659753,0
296,-0.1159528299,0.8178890981,-1.2539497345,-0.335431777,1.1347213389,-1.7340317203,1.2236604475,-0.2778007733,0.3936614816,-1.4223089181,-0.1459182428,-0.2166562,1.584341538,0.2613659753,0
297,0.0306700864,-0.0852950206,-0.3063512396,0.4397091535,1.523414967,-0.4062059632,0.7202254487,2.2116641993,-3.1407166902,-1.4223089181,0.3231221093,-0.2166562,-0.0354289029,0.2613659753,0
298,-1.0690017855,-0.0852950206,0.8370597078,0.1813288433,-0.4200531736,0.921619794,-1.0417970473,0.966931713,0.3936614816,0.7030605487,-0.1459182428,-0.2166562,-0.0354289029,0.2613659753,0
299,-0.0426413717,-0.0852950206,-0.1924146926,0.1813288433,-0.4200531736,-1.7340317203,1.2236604475,-0.2778007733,0.3936614816,0.7030605487,-0.1459182428,-0.2166562,3.2041119789,0.2613659753,0
300,0.6904732095,-0.0852950206,-0.4122252554,-0.335431777,1.1347213389,-0.4062059632,-1.5452320462,-0.9001670164,0.3936614816,0.7030605487,0.895069698,-0.2166562,-0.0354289029,0.2613659753,1
301,-1.2889361599,-0.0852950206,-0.3416425782,1.214850084,-0.0313595455,0.921619794,0.2167904498,-0.2778007733,-3.1407166902,-1.4223089181,-0.1459182428,-0.2166562,-1.2502567336,0.2613659753,0
302,-0.5558215786,-0.0852950206,0.2622609127,0.1813288433,-0.4200531736,-0.4062059632,1.7270954464,-0.9001670164,0.3936614816,0.7030605487,-0.1459182428,-0.2166562,0.3695137073,0.2613659753,1
303,1.2036534164,-0.0852950206,0.4629051995,0.1813288433,-0.4200531736,-0.4062059632,1.2236604475,-0.9001670164,0.3936614816,0.7030605487,0.4479648358,-0.2166562,-0.0354289029,0.2613659753,1
304,-1.0690017855,-0.0852950206,1.0754870438,1.214850084,-0.0313595455,-0.4062059632,-1.5452320462,2.2116641993,-3.1407166902,-1.4223089181,-0.1459182428,-0.2166562,-0.0354289029,-2.0503731993,0
305,0.3239159189,-0.0852950206,-0.1559201325,0.1813288433,-0.4200531736,-1.7340317203,-1.5452320462,-0.2778007733,0.3936614816,-1.4223089181,-0.1459182428,-0.2166562,-0.0354289029,0.2613659753,0
306,-0.9223788693,-0.0852950206,0.0394754559,-0.8521923974,0.7460277107,0.921619794,1.4753779469,-0.2778007733,0.3936614816,0.7030605487,-0.1459182428,-0.2166562,0.3695137073,0.2613659753,0
307,0.5438502933,-0.0852950206,-1.0108610996,-0.8521923974,0.7460277107,0.921619794,0.7202254487,-0.2778007733,0.3936614816,-1.4223089181,-0.1459182428,-0.2166562,-0.6023485572,0.2613659753,0
308,-0.2625757461,-0.0852950206,0.0382438119,-0.8521923974,0.7460277107,-0.4062059632,-1.5452320462,-0.9001670164,0.3936614816,0.7030605487,-0.1459182428,-0.2166562,-0.0354289029,0.2613659753,1
309,0.1772930026,0.8178890981,-1.4665220201,1.214850084,-0.0313595455,-0.4062059632,-0.5383620485,-0.9001670164,0.3936614816,0.7030605487,-0.1459182428,-0.2166562,1.0984104057,0.2613659753,1
310,-0.9223788693,-0.0852950206,-1.2361193186,-0.335431777,1.1347213389,0.921619794,1.2236604475,-0.2778007733,0.3936614816,0.7030605487,-0.1459182428,-0.2166562,-0.0354289029,0.2613659753,0
311,-0.3358872043,-0.0852950206,-0.4441627325,0.4397091535,1.523414967,-0.4062059632,-0.7900795479,-0.9001670164,-3.1407166902,0.7030605487,0.8422620371,-0.2166562,-0.4403715132,-0.2340067049,1
312,-1.4355590762,-0.0852950206,6.3531006649,1.214850084,-0.0313595455,0.921619794,0.7202254487,0.966931713,-1.962590633,-1.4223089181,-0.1459182428,-0.2166562,-1.2502567336,0.2613659753,0
313,-0.189264288,1.7210732168,0.1499633996,-0.335431777,1.1347213389,-1.7340317203,0.7202254487,-0.2778007733,-1.962590633,-1.4223089181,-0.1459182428,-0.2166562,-0.0354289029,0.2613659753,1
314,-1.2156247018,-0.0852950206,0.0939804413,1.214850084,-0.0313595455,0.921619794,1.2236604475,0.966931713,0.3936614816,0.7030605487,-0.1459182428,-0.2166562,-2.0601419541,0.2613659753,0
315,-1.0690017855,-0.0852950206,0.0206123538,1.214850084,-0.0313595455,0.921619794,-0.0349270496,-0.2778007733,0.3936614816,0.7030605487,-0.1459182428,-0.2166562,-0.0354289029,0.2613659753,0
316,2.8165054952,1.7210732168,-0.4837932478,1.214850084,-0.0313595455,-0.4062059632,1.2236604475,-0.9001670164,0.3936614816,0.7030605487,-0.1459182428,-0.2166562,-0.0354289029,0.2613659753,0
317,-1.2156247018,-0.0852950206,1.9830286851,-1.6273333279,-2.7522149423,-0.4062059632,-0.0349270496,0.3445654699,0.3936614816,-1.4223089181,-0.1459182428,-0.2166562,-0.0354289029,-1.8852489726,0
318,-0.7024444949,-0.0852950206,2.2110817887,1.214850084,-0.0313595455,0.921619794,1.4753779469,-0.2778007733,0.3936614816,-1.4223089181,-0.1459182428,-0.2166562,-0.0354289029,0.2613659753,0
319,1.7168336233,-0.0852950206,-0.2836321444,0.1813288433,-0.4200531736,2.2494455511,0.2167904498,-0.2778007733,0.3936614816,-1.4223089181,-0.1459182428,-0.2166562,-1.3312452557,0.2613659753,0
320,0.0306700864,1.7210732168,-0.1465691121,0.1813288433,-0.4200531736,-0.4062059632,-0.7900795479,-0.9001670164,0.3936614816,0.7030605487,-0.1459182428,-0.2166562,-0.0354289029,0.2613659753,0
321,0.3239159189,-0.0852950206,-1.3209132731,1.214850084,-0.0313595455,-0.4062059632,-1.0417970473,-0.9001670164,0.3936614816,0.7030605487,-0.1459182428,3.4685711035,0.7744563175,0.2613659753,0
322,-0.2625757461,-0.0852950206,-0.0347547824,0.1813288433,-0.4200531736,-1.7340317203,1.7270954464,-0.2778007733,0.3936614816,0.7030605487,-0.1459182428,-0.2166562,0.3695137073,0.2613659753,0
323,-0.7024444949,-0.0852950206,0.1004513096,-2.4024742584,-1.1974404299,0.921619794,-0.7900795479,-0.2778007733,0.3936614816,-1.4223089181,-0.1459182428,-0.2166562,-0.0354289029,0.2613659753,0
324,2.7431940371,1.7210732168,-0.1465596379,0.4397091535,1.523414967,-0.4062059632,-1.0417970473,-0.9001670164,0.3936614816,0.7030605487,-0.1459182428,-0.2166562,-2.4650845643,0.2613659753,0
325,1.7901450815,1.7210732168,-1.0553802942,0.1813288433,-0.4200531736,-0.4062059632,-0.5383620485,-0.9001670164,0.3936614816,0.7030605487,-0.1459182428,-0.2166562,0.3695137073,0.2613659753,0
326,-1.1423132437,-0.0852950206,0.2067516637,-0.5938120872,0.3573340826,0.921619794,0.7202254487,0.966931713,-1.962590633,-1.4223089181,-0.1459182428,-0.2166562,-2.0601419541,0.2613659753,0
327,0.3239159189,-0.0852950206,-0.0194255514,1.214850084,-0.0313595455,-0.4062059632,0.7202254487,2.2116641993,0.3936614816,-1.4223089181,-0.1459182428,4.4661881917,0.7744563175,0.2613659753,1
328,1.4235877908,1.7210732168,1.2448380981,0.1813288433,-0.4200531736,-0.4062059632,-0.286644549,-0.9001670164,0.3936614816,0.7030605487,-0.1459182428,-0.2166562,-0.0354289029,0.2613659753,0
329,2.0100794558,-0.0852950206,-0.5860481249,0.1813288433,-0.4200531736,0.921619794,1.7270954464,-0.2778007733,0.3936614816,0.7030605487,0.1316604875,-0.2166562,1.1793989278,0.2613659753,0
330,0.1772930026,-0.0852950206,0.1590396687,1.214850084,-0.0313595455,0.921619794,-1.0417970473,-0.2778007733,-1.962590633,0.7030605487,-0.1459182428,-0.2166562,0.3695137073,0.2613659753,0
331,-0.9223788693,-0.0852950206,0.3295560477,-0.335431777,1.1347213389,0.921619794,-1.5452320462,-0.2778007733,0.3936614816,0.7030605487,-0.1459182428,-0.2166562,-0.0354289029,0.2613659753,0
332,0.6171617514,-0.0852950206,-0.1050911308,-0.5938120872,0.3573340826,0.921619794,0.2167904498,-0.2778007733,0.3936614816,0.7030605487,-0.1459182428,-0.2166562,-0.0354289029,0.2613659753,0
333,1.2036534164,-1.8916632579,-0.8643617792,-2.6608545686,-1.586134058,-0.4062059632,-1.5452320462,-0.9001670164,0.3936614816,0.7030605487,-0.1459182428,-0.2166562,-0.0354289029,0.2613659753,0
334,1.0570305002,-0.0852950206,0.500498765,0.1813288433,-0.4200531736,-0.4062059632,1.7270954464,-0.9001670164,0.3936614816,0.7030605487,-0.1459182428,-0.2166562,-0.0354289029,0.2613659753,0
335,-1.5821819924,-0.0852950206,0.7689592671,-1.6273333279,-2.7522149423,0.921619794,0.2167904498,0.3445654699,0.3936614816,0.7030605487,-0.1459182428,-0.2166562,0.6124792734,-1.8852489726,0
336,-0.6291330368,-0.0852950206,-0.9051955159,0.1813288433,-0.4200531736,0.921619794,-1.0417970473,0.3445654699,0.3936614816,0.7030605487,-0.1459182428,-0.2166562,-0.0354289029,0.2613659753,0
337,0.7637846677,-0.0852950206,-1.1234807349,0.4397091535,1.523414967,0.921619794,0.7202254487,-0.2778007733,0.3936614816,0.7030605487,-0.1459182428,-0.2166562,1.584341538,0.2613659753,0
338,-1.4355590762,-0.0852950206,-0.8116189921,0.1813288433,-0.4200531736,0.921619794,1.2236604475,1.5892979562,-1.962590633,0.7030605487,-0.1459182428,-0.2166562,-0.8453141234,-3.8667396937,0
339,0.4705388351,-0.0852950206,0.6765859647,0.1813288433,-0.4200531736,-0.4062059632,0.2167904498,-0.9001670164,-1.962590633,0.7030605487,-0.1459182428,-0.2166562,-0.0354289029,0.2613659753,0
340,-0.9223788693,-0.0852950206,-0.8985541123,-0.8521923974,0.7460277107,0.921619794,1.2236604475,-0.2778007733,0.3936614816,0.7030605487,-0.1459182428,-0.2166562,-0.0354289029,0.2613659753,0
341,-0.0426413717,-0.0852950206,1.0108920515,-0.5938120872,0.3573340826,-0.4062059632,-1.0417970473,-0.9001670164,0.3936614816,0.7030605487,0.8422620371,-0.2166562,-0.0354289029,0.2613659753,1
342,-0.189264288,2.6242573354,-0.6679903497,0.1813288433,-0.4200531736,-0.4062059632,0.9719429481,-0.9001670164,0.3936614816,0.7030605487,0.8422620371,-0.2166562,-0.0354289029,0.2613659753,1
343,-0.4091986624,-0.0852950206,-0.9922822231,0.1813288433,-0.4200531736,0.921619794,-0.5383620485,-0.2778007733,0.3936614816,0.7030605487,-0.1459182428,-0.2166562,-1.6551993438,0.2613659753,0
344,-1.2156247018,2.6242573354,0.9813894398,1.214850084,-0.0313595455,0.921619794,0.9719429481,0.966931713,-1.962590633,-1.4223089181,-0.1459182428,-0.2166562,-0.0354289029,0.2613659753,0
345,0.3239159189,1.7210732168,0.4937626196,-0.335431777,1.1347213389,0.921619794,1.2236604475,-0.2778007733,0.3936614816,0.7030605487,-0.1459182428,-0.2166562,0.1265481412,0.2613659753,0
346,2.083390914,-0.0852950206,-1.4556456559,-2.4024742584,-1.1974404299,-0.4062059632,0.7202254487,-0.9001670164,0.3936614816,0.7030605487,-0.1459182428,-0.2166562,-2.6270616084,0.2613659753,0
347,-0.6291330368,-0.0852950206,-0.3580234438,-0.5938120872,0.3573340826,-1.7340317203,0.7202254487,1.5892979562,0.3936614816,-1.4223089181,-0.1459182428,-0.2166562,-0.0354289029,0.2613659753,0
348,1.2769648746,-0.0852950206,-0.8398899597,-0.8521923974,0.7460277107,0.2577069154,0.2167904498,-0.2778007733,0.3936614816,0.7030605487,-0.1459182428,-0.2166562,-1.2502567336,-2.8759943331,0
349,-0.5558215786,-0.0852950206,-0.3156264666,-0.335431777,1.1347213389,0.921619794,0.7202254487,0.966931713,0.3936614816,0.7030605487,-0.1459182428,-0.2166562,-1.2502567336,0.2613659753,0
350,-0.4091986624,-0.0852950206,-0.6803920577,-0.335431777,1.1347213389,-0.4062059632,-0.7900795479,-0.9001670164,0.3936614816,0.7030605487,-0.1459182428,-0.2166562,-0.0354289029,0.2613659753,1
351,-0.9223788693,-0.0852950206,0.0235304028,0.1813288433,-0.4200531736,-0.4062059632,0.2167904498,-0.9001670164,0.3936614816,0.7030605487,-0.1459182428,-0.2166562,-0.0354289029,0.2613659753,0
352,-0.4091986624,-0.0852950206,-0.7429216777,-0.335431777,1.1347213389,-0.4062059632,-0.7900795479,-0.9001670164,0.3936614816,0.7030605487,-0.1459182428,-0.2166562,-0.0354289029,0.2613659753,1
353,0.5438502933,-1.8916632579,1.3261360783,-2.4024742584,-1.1974404299,-0.4062059632,1.7270954464,-0.9001670164,0.3936614816,0.7030605487,-0.1459182428,-0.2166562,-0.8453141234,0.2613659753,0
354,1.4968992489,-0.0852950206,1.7265909237,-0.335431777,1.1347213389,-0.4062059632,0.7202254487,-0.9001670164,0.3936614816,0.7030605487,-0.1459182428,-0.2166562,-0.0354289029,0.2613659753,1
355,-0.0426413717,-2.7948473766,-0.8938549166,0.1813288433,-0.4200531736,-0.4062059632,-1.5452320462,-0.9001670164,0.3936614816,0.7030605487,-0.1459182428,-0.2166562,-0.0354289029,0.2613659753,1
356,1.9367679977,-0.0852950206,-0.2688618902,-2.4024742584,-1.1974404299,2.2494455511,0.2167904498,1.5892979562,-0.7844645757,0.7030605487,-0.1459182428,-0.2166562,-0.0354289029,0.2613659753,0
357,0.1039815445,-0.0852950206,-0.8872514098,-0.5938120872,0.3573340826,-0.4062059632,1.4753779469,-0.9001670164,0.3936614816,0.7030605487,-0.1459182428,-0.2166562,-0.0354289029,0.2613659753,1
358,0.2506044608,-0.0852950206,-0.7373698054,0.1813288433,-0.4200531736,-0.4062059632,-1.5452320462,2.2116641993,0.3936614816,-1.4223089181,-0.1459182428,-0.2166562,-0.4403715132,0.2613659753,0
359,-0.9223788693,1.7210732168,-0.6883314246,-1.1105727075,-1.9748276861,-0.4062059632,-1.0417970473,-0.9001670164,0.3936614816,0.7030605487,-0.1459182428,-0.2166562,-0.0354289029,-0.894503612,0
360,-0.189264288,-0.0852950206,1.4992294356,-2.6608545686,-1.586134058,-0.4062059632,0.2167904498,2.2116641993,0.3936614816,-1.4223089181,-0.1459182428,-0.2166562,-1.3312452557,0.2613659753,0
361,1.7168336233,-0.0852950206,0.7609062099,0.4397091535,1.523414967,-0.4062059632,0.7202254487,-0.9001670164,0.3936614816,0.7030605487,-0.1459182428,-0.2166562,-0.0354289029,0.2613659753,1
362,0.3239159189,-0.0852950206,-0.0868722733,-0.335431777,1.1347213389,-0.4062059632,1.7270954464,-0.9001670164,0.3936614816,0.7030605487,-0.1459182428,-0.2166562,0.3695137073,0.2613659753,0
363,0.3239159189,-0.0852950206,-0.1440395047,-0.335431777,1.1347213389,-1.7340317203,-0.7900795479,-0.2778007733,0.3936614816,0.7030605487,-0.1459182428,3.6646202328,0.3695137073,0.2613659753,1
364,-1.2156247018,-0.0852950206,2.0905796316,0.1813288433,-0.4200531736,0.2577069154,1.2236604475,-0.2778007733,0.3936614816,0.7030605487,-0.1459182428,-0.2166562,1.1793989278,0.2613659753,0
365,-0.775755953,-0.0852950206,-0.9238880826,0.1813288433,-0.4200531736,-0.4062059632,-1.0417970473,-0.9001670164,0.3936614816,0.7030605487,-0.1459182428,-0.2166562,-0.0354289029,0.2613659753,0
366,1.2769648746,1.7210732168,-0.0634520884,1.214850084,-0.0313595455,-0.4062059632,1.2236604475,-0.9001670164,0.3936614816,0.7030605487,-0.1459182428,-0.2166562,0.3695137073,0.2613659753,0
367,-1.2156247018,-0.0852950206,1.6372398863,-0.8521923974,0.7460277107,0.921619794,1.2236604475,-0.2778007733,0.3936614816,-1.4223089181,-0.1459182428,-0.2166562,-2.0601419541,0.2613659753,0
368,1.3502763327,-0.0852950206,0.2147762982,-0.335431777,1.1347213389,-1.7340317203,-0.7900795479,-0.2778007733,0.3936614816,-1.4223089181,-0.1459182428,-0.2166562,0.3695137073,0.2613659753,1
369,0.0306700864,-0.0852950206,2.7596560401,0.1813288433,-0.4200531736,-1.7340317203,1.2236604475,1.5892979562,0.3936614816,-1.4223089181,-0.1459182428,-0.2166562,-0.0354289029,0.2613659753,0
370,-0.9223788693,-2.7948473766,-0.036886474,1.214850084,-0.0313595455,0.921619794,-1.5452320462,1.5892979562,0.3936614816,-1.4223089181,-0.1459182428,-0.2166562,-2.0601419541,0.2613659753,0
371,-1.5821819924,-0.0852950206,-0.9470145678,-2.4024742584,-1.1974404299,0.921619794,0.2167904498,0.966931713,0.3936614816,0.7030605487,-0.1459182428,-0.2166562,-2.4650845643,0.2613659753,0
372,0.1039815445,2.6242573354,-0.0545747772,-0.5938120872,0.3573340826,-0.4062059632,-0.0349270496,-0.9001670164,0.3936614816,0.7030605487,-0.1459182428,-0.2166562,-0.197405947,0.2613659753,1
373,0.4705388351,-0.0852950206,0.6335447429,0.1813288433,-0.4200531736,-0.4062059632,-0.0349270496,-0.9001670164,-1.962590633,0.7030605487,-0.1459182428,-0.2166562,-0.0354289029,0.2613659753,0
374,0.397227377,-0.0852950206,-0.2790655873,0.1813288433,-0.4200531736,0.921619794,-1.0417970473,-0.2778007733,-1.962590633,0.7030605487,-0.1459182428,-0.2166562,-0.0354289029,0.2613659753,0
375,-1.3622476181,-1.8916632579,1.5259750594,1.214850084,-0.0313595455,0.921619794,-1.5452320462,0.966931713,0.3936614816,-1.4223089181,-0.1459182428,-0.2166562,-2.4650845643,0.2613659753,0
376,-0.4091986624,-0.0852950206,0.735439601,0.1813288433,-0.4200531736,-0.4062059632,-1.0417970473,2.2116641993,0.3936614816,-1.4223089181,-0.1459182428,-0.2166562,-0.0354289029,0.2613659753,0
377,-1.1423132437,-0.0852950206,-1.4604016967,1.214850084,-0.0313595455,0.921619794,1.2236604475,-0.2778007733,0.3936614816,0.7030605487,-0.1459182428,-0.2166562,-0.0354289029,0.2613659753,0
378,0.5438502933,1.7210732168,-1.0314011323,0.4397091535,1.523414967,-1.7340317203,-0.7900795479,-0.2778007733,0.3936614816,0.7030605487,-0.1459182428,-0.2166562,-0.8453141234,0.2613659753,0
379,-0.0426413717,-0.0852950206,-0.1596529614,0.1813288433,-0.4200531736,-0.4062059632,1.2236604475,-0.9001670164,0.3936614816,0.7030605487,-0.1459182428,-0.2166562,0.7744563175,0.2613659753,0
380,1.1303419583,-0.0852950206,-0.1464648961,0.1813288433,-0.4200531736,-1.7340317203,1.7270954464,-0.2778007733,0.3936614816,0.7030605487,-0.1459182428,-0.2166562,-0.0354289029,0.2613659753,0
381,0.5438502933,-0.0852950206,0.2385280797,-1.6273333279,-2.7522149423,-1.7340317203,-1.0417970473,-0.2778007733,0.3936614816,-1.4223089181,-0.1459182428,5.5878870073,0.3695137073,0.2613659753,0
382,-0.9956903274,-0.0852950206,1.4705131813,1.214850084,-0.0313595455,-0.4062059632,-1.0417970473,-0.9001670164,0.3936614816,0.7030605487,-0.1459182428,-0.2166562,-0.0354289029,0.2613659753,0
383,0.5438502933,-0.0852950206,-0.7681609062,1.214850084,-0.0313595455,-1.7340317203,1.2236604475,-0.2778007733,0.3936614816,-1.4223089181,-0.1459182428,-0.2166562,-0.0354289029,0.2613659753,0
384,-0.189264288,-1.8916632579,-0.686559752,1.214850084,-0.0313595455,-0.4062059632,1.7270954464,2.2116641993,0.3936614816,-1.4223089181,-0.1459182428,-0.2166562,-0.0354289029,0.2613659753,0
385,-1.1423132437,-0.0852950206,1.9547198208,0.1813288433,-0.4200531736,0.921619794,0.2167904498,-0.2778007733,0.3936614816,-1.4223089181,-0.1459182428,-0.2166562,-1.2502567336,0.2613659753,0
386,-0.7024444949,-0.0852950206,-0.5270144791,0.1813288433,-0.4200531736,1.5855326726,-0.0349270496,-0.2778007733,0.3936614816,0.7030605487,-0.1459182428,-0.2166562,-0.0354289029,0.2613659753,0
387,0.397227377,-0.0852950206,-0.2629121021,1.214850084,-0.0313595455,-0.4062059632,-1.5452320462,2.2116641993,0.3936614816,-1.4223089181,-0.1459182428,5.776491233,-2.7890386525,0.2613659753,1
388,-1.4355590762,-0.0852950206,-1.5570762789,1.214850084,-0.0313595455,0.921619794,-1.5452320462,0.966931713,0.3936614816,-1.4223089181,-0.1459182428,-0.2166562,-1.979153432,0.2613659753,0
389,-1.4355590762,-0.0852950206,0.403729441,0.1813288433,-0.4200531736,0.921619794,0.2167904498,0.3445654699,0.3936614816,-1.4223089181,-0.1459182428,-0.2166562,-0.0354289029,0.2613659753,0
390,-0.2625757461,-0.0852950206,0.2872538124,0.1813288433,-0.4200531736,-0.4062059632,0.2167904498,2.2116641993,0.3936614816,-1.4223089181,-0.1459182428,-0.2166562,-0.0354289029,0.2613659753,1
391,-0.8490674112,-0.0852950206,1.0565955192,-0.335431777,1.1347213389,0.921619794,-1.0417970473,-0.2778007733,0.3936614816,0.7030605487,-0.1459182428,-0.2166562,0.7744563175,0.2613659753,0
392,0.5438502933,1.7210732168,0.8353164578,-0.8521923974,0.7460277107,1.5855326726,-1.0417970473,-0.2778007733,0.3936614816,0.7030605487,-0.1459182428,-0.2166562,-0.0354289029,0.2613659753,0
393,-0.3358872043,2.6242573354,-0.8685683172,-0.335431777,1.1347213389,-0.4062059632,-0.7900795479,-0.9001670164,0.3936614816,0.7030605487,0.895069698,-0.2166562,0.3695137073,0.2613659753,1
394,-0.3358872043,-0.0852950206,0.0604986721,0.1813288433,-0.4200531736,0.921619794,0.2167904498,-0.2778007733,0.3936614816,-1.4223089181,-0.1459182428,-0.2166562,-0.4403715132,0.2613659753,0
395,0.397227377,-0.0852950206,-0.7031395755,1.214850084,-0.0313595455,-0.4062059632,1.4753779469,-0.9001670164,0.3936614816,0.7030605487,-0.1459182428,-0.2166562,-0.0354289029,0.2613659753,0
396,0.4705388351,-0.0852950206,-0.8792362494,1.214850084,-0.0313595455,-1.7340317203,-0.286644549,1.5892979562,0.3936614816,-1.4223089181,-0.1459182428,-0.2166562,-0.0354289029,0.2613659753,0
397,-1.3622476181,-0.0852950206,-0.4971897452,0.1813288433,-0.4200531736,0.921619794,0.7202254487,0.3445654699,0.3936614816,-1.4223089181,-0.1459182428,-0.2166562,-0.4403715132,0.2613659753,0
398,-0.9956903274,-0.0852950206,-0.974953939,-0.335431777,1.1347213389,-0.4062059632,-0.7900795479,-0.9001670164,0.3936614816,0.7030605487,-0.1459182428,-0.2166562,1.1793989278,0.2613659753,1
399,0.983719042,0.8178890981,-0.54571652,-0.335431777,1.1347213389,-0.4062059632,-0.7900795479,-0.9001670164,0.3936614816,0.7030605487,-0.1459182428,-0.2166562,0.7744563175,0.2613659753,1
400,-1.3622476181,-0.0852950206,2.1442414146,1.214850084,-0.0313595455,0.921619794,-0.286644549,0.966931713,0.3936614816,0.7030605487,-0.1459182428,-0.2166562,-0.0354289029,0.2613659753,0
401,-0.775755953,-0.0852950206,-0.7693451793,1.214850084,-0.0313595455,0.921619794,0.2167904498,-0.2778007733,0.3936614816,-1.4223089181,-0.1459182428,-0.2166562,-0.0354289029,0.2613659753,0
402,0.8370961258,2.6242573354,0.9339142995,-0.335431777,1.1347213389,-0.4062059632,0.9719429481,-0.9001670164,0.3936614816,0.7030605487,-0.1459182428,-0.2166562,-0.0354289029,0.2613659753,1
403,-0.3358872043,-0.0852950206,0.3591723496,-0.5938120872,0.3573340826,-1.7340317203,1.4753779469,-0.2778007733,0.3936614816,-1.4223089181,-0.1459182428,-0.2166562,1.9082956262,0.2613659753,0
404,-0.775755953,-0.0852950206,-0.2207235569,-1.3689530177,-2.3635213142,-0.4062059632,-0.286644549,-0.9001670164,-0.7844645757,0.7030605487,-0.1459182428,5.1908254797,-0.0354289029,-0.7293793852,0
405,0.1772930026,-0.0852950206,2.4216360729,0.4397091535,1.523414967,-0.4062059632,-0.7900795479,-0.9001670164,0.3936614816,0.7030605487,-0.1459182428,4.689535301,1.9892841482,0.2613659753,1
406,-0.775755953,-0.0852950206,-0.7544612349,0.1813288433,-0.4200531736,-0.4062059632,-1.5452320462,-0.9001670164,0.3936614816,0.7030605487,-0.1459182428,-0.2166562,-0.0354289029,0.2613659753,0
407,0.5438502933,1.7210732168,1.2077182418,0.1813288433,-0.4200531736,-0.4062059632,-1.0417970473,-0.9001670164,0.3936614816,0.7030605487,-0.1459182428,-0.2166562,-1.2502567336,0.2613659753,0
408,-0.775755953,-0.0852950206,-0.6312778834,1.214850084,-0.0313595455,-0.4062059632,0.7202254487,2.2116641993,0.3936614816,-1.4223089181,-0.1459182428,4.4661881917,-0.0354289029,0.2613659753,1
409,-0.4825101205,-0.0852950206,1.6568325006,1.214850084,-0.0313595455,-0.4062059632,-0.7900795479,-0.9001670164,0.3936614816,0.7030605487,-0.1459182428,-0.2166562,0.7744563175,0.2613659753,0
410,0.1772930026,-1.8916632579,-1.3968014938,1.214850084,-0.0313595455,-1.7340317203,0.2167904498,-0.2778007733,-1.962590633,-1.4223089181,-0.1459182428,-0.2166562,-1.3312452557,0.2613659753,0
411,-1.0690017855,-0.0852950206,0.494293174,0.1813288433,-0.4200531736,0.921619794,-0.286644549,1.5892979562,-1.962590633,-1.4223089181,-0.1459182428,-0.2166562,-0.0354289029,0.2613659753,0
412,-0.4091986624,-0.0852950206,-0.6753044204,1.214850084,-0.0313595455,-1.7340317203,-0.7900795479,1.5892979562,0.3936614816,-1.4223089181,-0.1459182428,-0.2166562,-0.0354289029,0.2613659753,0
413,0.5438502933,-0.0852950206,-0.0131915377,-0.0770514668,2.3008022232,-0.4062059632,-0.7900795479,-0.9001670164,0.3936614816,0.7030605487,1.8883953398,-0.2166562,1.584341538,0.2613659753,1
414,-0.5558215786,2.6242573354,7.9909408973,1.214850084,-0.0313595455,-0.4062059632,-0.0349270496,-0.9001670164,0.3936614816,0.7030605487,-0.1459182428,-0.2166562,-0.0354289029,0.2613659753,0
415,-0.2625757461,-0.0852950206,-0.9222016777,-2.1440939482,-0.8087468017,-1.7340317203,-1.0417970473,-0.2778007733,0.3936614816,0.7030605487,-0.1459182428,-0.2166562,0.7744563175,0.2613659753,1
416,0.983719042,-0.0852950206,0.0093191255,-1.8857136381,-3.1409085704,-0.4062059632,-0.0349270496,-0.9001670164,0.3936614816,0.7030605487,-0.1459182428,-0.2166562,-0.0354289029,-1.8852489726,0
417,-0.6291330368,-0.0852950206,2.2381684832,-2.4024742584,-1.1974404299,0.921619794,0.2167904498,0.966931713,0.3936614816,-1.4223089181,-0.1459182428,-0.2166562,-1.7361878659,0.2613659753,0
418,-0.3358872043,-1.8916632579,0.5124457121,-2.4024742584,-1.1974404299,1.5855326726,-0.0349270496,-0.2778007733,-1.962590633,0.7030605487,-0.1459182428,-0.2166562,-0.0354289029,0.2613659753,0
419,-0.3358872043,2.6242573354,0.4784902336,0.1813288433,-0.4200531736,-1.7340317203,1.7270954464,1.5892979562,0.3936614816,-1.4223089181,-0.1459182428,-0.2166562,-0.0354289029,0.2613659753,0
420,-1.3622476181,-0.0852950206,-1.2127086079,1.214850084,-0.0313595455,-0.4062059632,1.2236604475,-0.9001670164,0.3936614816,0.7030605487,-0.1459182428,-0.2166562,-0.8453141234,0.2613659753,0
421,-1.5821819924,-0.0852950206,-0.1397855957,-2.4024742584,-1.1974404299,0.921619794,-0.286644549,0.966931713,0.3936614816,0.7030605487,0.1487214241,-0.2166562,-1.8171763879,0.2613659753,0
422,-0.4825101205,2.6242573354,-0.9263418965,-0.335431777,1.1347213389,-0.4062059632,-0.7900795479,2.2116641993,0.3936614816,-1.4223089181,-0.1459182428,-0.2166562,-0.0354289029,0.2613659753,1
423,-0.7024444949,-0.0852950206,-0.0130494249,0.1813288433,-0.4200531736,-1.7340317203,-0.5383620485,-0.2778007733,0.3936614816,0.7030605487,-0.1459182428,-0.2166562,-0.0354289029,0.2613659753,0
424,-0.4091986624,-0.0852950206,0.3671211907,-2.6608545686,-1.586134058,0.921619794,-1.0417970473,1.5892979562,0.3936614816,-1.4223089181,-0.1459182428,-0.2166562,-0.4403715132,0.2613659753,0
425,-0.9956903274,-0.0852950206,-0.5343948691,0.1813288433,-0.4200531736,-0.4062059632,1.7270954464,-0.9001670164,0.3936614816,0.7030605487,-0.1459182428,-0.2166562,1.584341538,0.2613659753,0
426,-0.189264288,-2.7948473766,0.6197313814,0.4397091535,1.523414967,0.921619794,0.7202254487,-0.2778007733,0.3936614816,0.7030605487,-0.1459182428,3.2774852433,-0.0354289029,0.2613659753,0
427,-1.1423132437,-0.0852950206,0.1409250273,0.1813288433,-0.4200531736,0.921619794,-0.286644549,-0.2778007733,0.3936614816,0.7030605487,-0.1459182428,-0.2166562,2.5562038026,-5.1877335078,0
428,1.7901450815,0.8178890981,0.3080117514,0.1813288433,-0.4200531736,-0.4062059632,-0.7900795479,-0.9001670164,0.3936614816,0.7030605487,-0.1459182428,-0.2166562,-0.0354289029,0.2613659753,1
429,0.6171617514,-1.8916632579,0.9256433362,0.4397091535,1.523414967,-0.4062059632,0.7202254487,-0.9001670164,0.3936614816,0.7030605487,-0.1459182428,-0.2166562,-0.0354289029,0.2613659753,0
430,3.0364398696,-0.0852950206,-0.7770382174,0.1813288433,-0.4200531736,2.2494455511,0.7202254487,-0.2778007733,0.3936614816,0.7030605487,-0.1459182428,-0.2166562,-1.3312452557,0.2613659753,0
431,-1.5821819924,-0.0852950206,0.1207260652,-2.4024742584,-1.1974404299,0.921619794,0.7202254487,0.966931713,0.3936614816,0.7030605487,-0.1459182428,-0.2166562,-0.0354289029,0.2613659753,0
432,0.1039815445,1.7210732168,0.13583739,-0.335431777,1.1347213389,0.2577069154,0.7202254487,-0.2778007733,0.3936614816,-1.4223089181,0.1484506156,-0.2166562,-0.0354289029,0.2613659753,0
433,-0.6291330368,-0.0852950206,-1.5169720544,-0.8521923974,0.7460277107,-0.4062059632,0.2167904498,2.2116641993,0.3936614816,-1.4223089181,-0.1459182428,-0.2166562,-1.2502567336,0.2613659753,1
434,-0.8490674112,-0.0852950206,-0.6955981244,1.214850084,-0.0313595455,0.921619794,-1.0417970473,0.966931713,-3.1407166902,0.7030605487,-0.1459182428,4.6969802047,-0.0354289029,-1.2247520655,0
435,-0.4091986624,-0.0852950206,0.1764721689,0.4397091535,1.523414967,-0.4062059632,0.7202254487,-0.9001670164,0.3936614816,0.7030605487,-0.1459182428,-0.2166562,0.7744563175,0.2613659753,1
436,-0.3358872043,-1.8916632579,0.9006599107,0.1813288433,-0.4200531736,0.921619794,-0.5383620485,-0.2778007733,-1.962590633,0.7030605487,-0.0654881132,-0.2166562,1.584341538,0.2613659753,0
437,-0.3358872043,-1.8916632579,-0.6893451624,1.214850084,-0.0313595455,0.921619794,0.9719429481,-0.2778007733,0.3936614816,-1.4223089181,-0.1459182428,-0.2166562,-0.0354289029,0.2613659753,0
438,-1.1423132437,-0.0852950206,-1.0279241065,1.214850084,-0.0313595455,-0.4062059632,-1.5452320462,-0.9001670164,0.3936614816,0.7030605487,-0.1459182428,-0.2166562,-0.0354289029,0.2613659753,0
439,0.2506044608,-1.8916632579,1.424629704,1.214850084,-0.0313595455,-0.4062059632,-1.5452320462,2.2116641993,0.3936614816,-1.4223089181,-0.1459182428,-0.2166562,-0.0354289029,0.2613659753,0
440,-0.7024444949,-0.0852950206,1.6451603049,-0.335431777,1.1347213389,0.921619794,0.7202254487,-0.2778007733,0.3936614816,0.7030605487,-0.1459182428,-0.2166562,-0.0354289029,0.2613659753,0
441,0.4705388351,-0.0852950206,-1.3635376307,0.1813288433,-0.4200531736,-1.7340317203,-1.5452320462,-0.2778007733,0.3936614816,-1.4223089181,-0.1459182428,-0.2166562,-1.0072911675,0.2613659753,0
442,-1.0690017855,-2.7948473766,0.012265597,0.1813288433,-0.4200531736,0.921619794,-1.2935145467,0.966931713,0.3936614816,0.7030605487,-0.1459182428,-0.2166562,-0.0354289029,0.2613659753,0
443,0.397227377,-0.0852950206,-0.6930021977,1.214850084,-0.0313595455,-0.4062059632,0.7202254487,-0.9001670164,0.3936614816,0.7030605487,-0.1459182428,-0.2166562,-0.0354289029,0.2613659753,1
444,-0.8490674112,-0.0852950206,2.0471499682,-1.1105727075,-1.9748276861,0.921619794,-1.0417970473,0.3445654699,0.3936614816,0.7030605487,-0.1459182428,-0.2166562,-0.0354289029,-1.8852489726,0
445,-1.3622476181,-0.0852950206,1.0274624008,1.214850084,-0.0313595455,0.921619794,1.2236604475,-0.2778007733,0.3936614816,0.7030605487,-0.1459182428,-0.2166562,-0.4403715132,0.2613659753,0
446,0.397227377,-0.0852950206,0.9544543323,0.1813288433,-0.4200531736,2.2494455511,-0.7900795479,1.5892979562,-1.962590633,-1.4223089181,-0.1459182428,-0.2166562,-0.0354289029,0.2613659753,0
447,0.9104075839,-0.0852950206,-1.2587720946,0.1813288433,-0.4200531736,-0.4062059632,-1.0417970473,-0.9001670164,-4.3188427475,0.7030605487,-0.1459182428,-0.2166562,-0.0354289029,0.2613659753,0
448,-1.3622476181,-0.0852950206,-0.4096672255,0.1813288433,-0.4200531736,-0.4062059632,-0.0349270496,-0.9001670164,0.3936614816,0.7030605487,-0.1459182428,-0.2166562,-0.0354289029,0.2613659753,0
449,-1.5821819924,-0.0852950206,0.6546058559,-2.4024742584,-1.1974404299,0.921619794,0.7202254487,0.966931713,0.3936614816,-1.4223089181,-0.1459182428,-0.2166562,-2.8700271745,0.2613659753,0
450,-1.4355590762,-0.0852950206,0.157466954,0.1813288433,-0.4200531736,0.921619794,-0.0349270496,0.966931713,-1.962590633,-1.4223089181,-0.1459182428,-0.2166562,-0.0354289029,0.2613659753,0
451,0.4705388351,0.8178890981,0.07156452,1.214850084,-0.0313595455,-0.4062059632,-1.0417970473,-0.9001670164,0.3936614816,0.7030605487,-0.1459182428,-0.2166562,1.1793989278,0.2613659753,1
452,1.5702107071,-0.0852950206,0.523767363,0.1813288433,-0.4200531736,-0.4062059632,-1.0417970473,-0.9001670164,0.3936614816,0.7030605487,-0.1459182428,-0.2166562,-0.0354289029,0.2613659753,1
453,0.2506044608,-0.0852950206,0.0739425404,-0.8521923974,0.7460277107,-0.4062059632,-0.7900795479,-0.9001670164,-1.962590633,0.7030605487,-0.1459182428,-0.2166562,-0.0354289029,0.2613659753,1
454,0.397227377,1.7210732168,0.4273485838,0.1813288433,-0.4200531736,-0.4062059632,1.2236604475,2.2116641993,0.3936614816,-1.4223089181,-0.1459182428,-0.2166562,-0.0354289029,0.2613659753,1
455,0.1039815445,-0.0852950206,-1.1074504141,-0.5938120872,0.3573340826,-0.4062059632,-0.0349270496,-0.9001670164,-3.1407166902,0.7030605487,-0.1459182428,-0.2166562,-0.0354289029,0.2613659753,1
456,-0.6291330368,-0.0852950206,-0.0890987068,0.1813288433,-0.4200531736,-0.4062059632,-0.7900795479,2.2116641993,0.3936614816,-1.4223089181,-0.1459182428,-0.2166562,-0.0354289029,0.2613659753,0
